backend,in_features,iterations,latency_ms,out_features,repeat,rows,shape
fp16,1536,1,0.15052799880504608,1536,0,1,q-o-proj
fp16,1536,1,0.08377599716186523,1536,1,1,q-o-proj
fp16,1536,1,0.07491199672222137,1536,2,1,q-o-proj
fp16,1536,1,0.07110399752855301,1536,3,1,q-o-proj
fp16,1536,1,0.06982400268316269,1536,4,1,q-o-proj
reference-int8,1536,1,0.3359679877758026,1536,0,1,q-o-proj
reference-int8,1536,1,0.31833600997924805,1536,1,1,q-o-proj
reference-int8,1536,1,0.32153600454330444,1536,2,1,q-o-proj
reference-int8,1536,1,0.3182399868965149,1536,3,1,q-o-proj
reference-int8,1536,1,0.31308799982070923,1536,4,1,q-o-proj
fp16,1536,1,0.08816000074148178,1536,0,8,q-o-proj
fp16,1536,1,0.11164800077676773,1536,1,8,q-o-proj
fp16,1536,1,0.07891199737787247,1536,2,8,q-o-proj
fp16,1536,1,0.09145600348711014,1536,3,8,q-o-proj
fp16,1536,1,0.0899519994854927,1536,4,8,q-o-proj
reference-int8,1536,1,0.3259199857711792,1536,0,8,q-o-proj
reference-int8,1536,1,0.3176639974117279,1536,1,8,q-o-proj
reference-int8,1536,1,0.30979201197624207,1536,2,8,q-o-proj
reference-int8,1536,1,0.315744012594223,1536,3,8,q-o-proj
reference-int8,1536,1,0.3213759958744049,1536,4,8,q-o-proj
fp16,1536,1,0.11311999708414078,1536,0,32,q-o-proj
fp16,1536,1,0.1027199998497963,1536,1,32,q-o-proj
fp16,1536,1,0.09657599776983261,1536,2,32,q-o-proj
fp16,1536,1,0.10921599715948105,1536,3,32,q-o-proj
fp16,1536,1,0.10092800110578537,1536,4,32,q-o-proj
reference-int8,1536,1,0.3270399868488312,1536,0,32,q-o-proj
reference-int8,1536,1,0.32335999608039856,1536,1,32,q-o-proj
reference-int8,1536,1,0.3166399896144867,1536,2,32,q-o-proj
reference-int8,1536,1,0.3208639919757843,1536,3,32,q-o-proj
reference-int8,1536,1,0.31884801387786865,1536,4,32,q-o-proj
fp16,1536,1,0.14582400023937225,1536,0,128,q-o-proj
fp16,1536,1,0.1372160017490387,1536,1,128,q-o-proj
fp16,1536,1,0.1446399986743927,1536,2,128,q-o-proj
fp16,1536,1,0.1387840062379837,1536,3,128,q-o-proj
fp16,1536,1,0.13344000279903412,1536,4,128,q-o-proj
reference-int8,1536,1,0.36243200302124023,1536,0,128,q-o-proj
reference-int8,1536,1,0.34880000352859497,1536,1,128,q-o-proj
reference-int8,1536,1,0.3507840037345886,1536,2,128,q-o-proj
reference-int8,1536,1,0.34694400429725647,1536,3,128,q-o-proj
reference-int8,1536,1,0.35203200578689575,1536,4,128,q-o-proj
fp16,1536,1,0.07446400076150894,256,0,1,k-v-proj
fp16,1536,1,0.13728000223636627,256,1,1,k-v-proj
fp16,1536,1,0.08870399743318558,256,2,1,k-v-proj
fp16,1536,1,0.06380800157785416,256,3,1,k-v-proj
fp16,1536,1,0.05929600074887276,256,4,1,k-v-proj
reference-int8,1536,1,0.1536320000886917,256,0,1,k-v-proj
reference-int8,1536,1,0.14655999839305878,256,1,1,k-v-proj
reference-int8,1536,1,0.162432000041008,256,2,1,k-v-proj
reference-int8,1536,1,0.18479999899864197,256,3,1,k-v-proj
reference-int8,1536,1,0.1502400040626526,256,4,1,k-v-proj
fp16,1536,1,0.18476800620555878,256,0,8,k-v-proj
fp16,1536,1,0.18160000443458557,256,1,8,k-v-proj
fp16,1536,1,0.09609600156545639,256,2,8,k-v-proj
fp16,1536,1,0.07859200239181519,256,3,8,k-v-proj
fp16,1536,1,0.10182400047779083,256,4,8,k-v-proj
reference-int8,1536,1,0.18054400384426117,256,0,8,k-v-proj
reference-int8,1536,1,0.15750400722026825,256,1,8,k-v-proj
reference-int8,1536,1,0.19177600741386414,256,2,8,k-v-proj
reference-int8,1536,1,0.162432000041008,256,3,8,k-v-proj
reference-int8,1536,1,0.15199999511241913,256,4,8,k-v-proj
fp16,1536,1,0.0865280032157898,256,0,32,k-v-proj
fp16,1536,1,0.07529599964618683,256,1,32,k-v-proj
fp16,1536,1,0.07184000313282013,256,2,32,k-v-proj
fp16,1536,1,0.06931199878454208,256,3,32,k-v-proj
fp16,1536,1,0.0676800012588501,256,4,32,k-v-proj
reference-int8,1536,1,0.1740799993276596,256,0,32,k-v-proj
reference-int8,1536,1,0.19219200313091278,256,1,32,k-v-proj
reference-int8,1536,1,0.18726399540901184,256,2,32,k-v-proj
reference-int8,1536,1,0.16140800714492798,256,3,32,k-v-proj
reference-int8,1536,1,0.14652800559997559,256,4,32,k-v-proj
fp16,1536,1,0.0899519994854927,256,0,128,k-v-proj
fp16,1536,1,0.07391999661922455,256,1,128,k-v-proj
fp16,1536,1,0.07030399888753891,256,2,128,k-v-proj
fp16,1536,1,0.06911999732255936,256,3,128,k-v-proj
fp16,1536,1,0.22643199563026428,256,4,128,k-v-proj
reference-int8,1536,1,0.15427200496196747,256,0,128,k-v-proj
reference-int8,1536,1,0.16249600052833557,256,1,128,k-v-proj
reference-int8,1536,1,0.14166399836540222,256,2,128,k-v-proj
reference-int8,1536,1,0.15680000185966492,256,3,128,k-v-proj
reference-int8,1536,1,0.18729600310325623,256,4,128,k-v-proj
fp16,1536,1,0.21222400665283203,8960,0,1,gate-up-proj
fp16,1536,1,0.20316800475120544,8960,1,1,gate-up-proj
fp16,1536,1,0.18678399920463562,8960,2,1,gate-up-proj
fp16,1536,1,0.18940800428390503,8960,3,1,gate-up-proj
fp16,1536,1,0.18451200425624847,8960,4,1,gate-up-proj
reference-int8,1536,1,1.5401279926300049,8960,0,1,gate-up-proj
reference-int8,1536,1,1.5204800367355347,8960,1,1,gate-up-proj
reference-int8,1536,1,1.5237760543823242,8960,2,1,gate-up-proj
reference-int8,1536,1,1.520576000213623,8960,3,1,gate-up-proj
reference-int8,1536,1,1.5215040445327759,8960,4,1,gate-up-proj
fp16,1536,1,0.21695999801158905,8960,0,8,gate-up-proj
fp16,1536,1,0.18559999763965607,8960,1,8,gate-up-proj
fp16,1536,1,0.18745599687099457,8960,2,8,gate-up-proj
fp16,1536,1,0.1789119988679886,8960,3,8,gate-up-proj
fp16,1536,1,0.19023999571800232,8960,4,8,gate-up-proj
reference-int8,1536,1,1.4935040473937988,8960,0,8,gate-up-proj
reference-int8,1536,1,1.480031967163086,8960,1,8,gate-up-proj
reference-int8,1536,1,1.4795199632644653,8960,2,8,gate-up-proj
reference-int8,1536,1,1.4765759706497192,8960,3,8,gate-up-proj
reference-int8,1536,1,1.4735039472579956,8960,4,8,gate-up-proj
fp16,1536,1,0.23014399409294128,8960,0,32,gate-up-proj
fp16,1536,1,0.21408000588417053,8960,1,32,gate-up-proj
fp16,1536,1,0.2030400037765503,8960,2,32,gate-up-proj
fp16,1536,1,0.20640000700950623,8960,3,32,gate-up-proj
fp16,1536,1,0.19871999323368073,8960,4,32,gate-up-proj
reference-int8,1536,1,1.4794880151748657,8960,0,32,gate-up-proj
reference-int8,1536,1,1.4635200500488281,8960,1,32,gate-up-proj
reference-int8,1536,1,1.4598400592803955,8960,2,32,gate-up-proj
reference-int8,1536,1,1.460800051689148,8960,3,32,gate-up-proj
reference-int8,1536,1,1.4599360227584839,8960,4,32,gate-up-proj
fp16,1536,1,0.30559998750686646,8960,0,128,gate-up-proj
fp16,1536,1,0.2624000012874603,8960,1,128,gate-up-proj
fp16,1536,1,0.26502400636672974,8960,2,128,gate-up-proj
fp16,1536,1,0.2655999958515167,8960,3,128,gate-up-proj
fp16,1536,1,0.25782400369644165,8960,4,128,gate-up-proj
reference-int8,1536,1,1.5845119953155518,8960,0,128,gate-up-proj
reference-int8,1536,1,1.5642880201339722,8960,1,128,gate-up-proj
reference-int8,1536,1,1.557088017463684,8960,2,128,gate-up-proj
reference-int8,1536,1,1.5624639987945557,8960,3,128,gate-up-proj
reference-int8,1536,1,1.5648640394210815,8960,4,128,gate-up-proj
fp16,8960,1,0.191103994846344,1536,0,1,down-proj
fp16,8960,1,0.1627199947834015,1536,1,1,down-proj
fp16,8960,1,0.15913599729537964,1536,2,1,down-proj
fp16,8960,1,0.15996800363063812,1536,3,1,down-proj
fp16,8960,1,0.17260800302028656,1536,4,1,down-proj
reference-int8,8960,1,1.561087965965271,1536,0,1,down-proj
reference-int8,8960,1,1.5431360006332397,1536,1,1,down-proj
reference-int8,8960,1,1.5368000268936157,1536,2,1,down-proj
reference-int8,8960,1,1.5364480018615723,1536,3,1,down-proj
reference-int8,8960,1,1.5353920459747314,1536,4,1,down-proj
fp16,8960,1,0.21353599429130554,1536,0,8,down-proj
fp16,8960,1,0.18054400384426117,1536,1,8,down-proj
fp16,8960,1,0.27804800868034363,1536,2,8,down-proj
fp16,8960,1,0.20243200659751892,1536,3,8,down-proj
fp16,8960,1,0.18303999304771423,1536,4,8,down-proj
reference-int8,8960,1,1.565567970275879,1536,0,8,down-proj
reference-int8,8960,1,1.5416640043258667,1536,1,8,down-proj
reference-int8,8960,1,1.5382080078125,1536,2,8,down-proj
reference-int8,8960,1,1.534656047821045,1536,3,8,down-proj
reference-int8,8960,1,1.5394879579544067,1536,4,8,down-proj
fp16,8960,1,0.2797439992427826,1536,0,32,down-proj
fp16,8960,1,0.2566080093383789,1536,1,32,down-proj
fp16,8960,1,0.2479040026664734,1536,2,32,down-proj
fp16,8960,1,0.2306240051984787,1536,3,32,down-proj
fp16,8960,1,0.22883200645446777,1536,4,32,down-proj
reference-int8,8960,1,1.5627199411392212,1536,0,32,down-proj
reference-int8,8960,1,1.553439974784851,1536,1,32,down-proj
reference-int8,8960,1,1.5459840297698975,1536,2,32,down-proj
reference-int8,8960,1,1.5780160427093506,1536,3,32,down-proj
reference-int8,8960,1,1.5887360572814941,1536,4,32,down-proj
fp16,8960,1,0.3591359853744507,1536,0,128,down-proj
fp16,8960,1,0.3381119966506958,1536,1,128,down-proj
fp16,8960,1,0.3128319978713989,1536,2,128,down-proj
fp16,8960,1,0.33238399028778076,1536,3,128,down-proj
fp16,8960,1,0.32943999767303467,1536,4,128,down-proj
reference-int8,8960,1,1.6226880550384521,1536,0,128,down-proj
reference-int8,8960,1,1.6121280193328857,1536,1,128,down-proj
reference-int8,8960,1,1.6055680513381958,1536,2,128,down-proj
reference-int8,8960,1,1.600607991218567,1536,3,128,down-proj
reference-int8,8960,1,1.5961920022964478,1536,4,128,down-proj
fp16,1536,1,3.471008062362671,151936,0,1,lm-head
fp16,1536,1,3.421855926513672,151936,1,1,lm-head
fp16,1536,1,3.4096639156341553,151936,2,1,lm-head
fp16,1536,1,3.409791946411133,151936,3,1,lm-head
fp16,1536,1,3.413696050643921,151936,4,1,lm-head
reference-int8,1536,1,20.845407485961914,151936,0,1,lm-head
reference-int8,1536,1,20.84752082824707,151936,1,1,lm-head
reference-int8,1536,1,20.846399307250977,151936,2,1,lm-head
reference-int8,1536,1,20.818687438964844,151936,3,1,lm-head
reference-int8,1536,1,20.819744110107422,151936,4,1,lm-head
fp16,1536,1,2.07590389251709,151936,0,8,lm-head
fp16,1536,1,2.0238399505615234,151936,1,8,lm-head
fp16,1536,1,2.0088319778442383,151936,2,8,lm-head
fp16,1536,1,2.027679920196533,151936,3,8,lm-head
fp16,1536,1,2.019615888595581,151936,4,8,lm-head
reference-int8,1536,1,20.92838478088379,151936,0,8,lm-head
reference-int8,1536,1,20.89334487915039,151936,1,8,lm-head
reference-int8,1536,1,20.837984085083008,151936,2,8,lm-head
reference-int8,1536,1,20.823583602905273,151936,3,8,lm-head
reference-int8,1536,1,20.887935638427734,151936,4,8,lm-head
fp16,1536,1,2.562527894973755,151936,0,32,lm-head
fp16,1536,1,2.4786880016326904,151936,1,32,lm-head
fp16,1536,1,2.482815980911255,151936,2,32,lm-head
fp16,1536,1,2.4551360607147217,151936,3,32,lm-head
fp16,1536,1,2.4581758975982666,151936,4,32,lm-head
reference-int8,1536,1,21.07321548461914,151936,0,32,lm-head
reference-int8,1536,1,21.033472061157227,151936,1,32,lm-head
reference-int8,1536,1,20.973567962646484,151936,2,32,lm-head
reference-int8,1536,1,20.962047576904297,151936,3,32,lm-head
reference-int8,1536,1,20.941247940063477,151936,4,32,lm-head
fp16,1536,1,2.820768117904663,151936,0,128,lm-head
fp16,1536,1,2.7766079902648926,151936,1,128,lm-head
fp16,1536,1,2.772128105163574,151936,2,128,lm-head
fp16,1536,1,2.7650558948516846,151936,3,128,lm-head
fp16,1536,1,2.764672040939331,151936,4,128,lm-head
reference-int8,1536,1,21.666912078857422,151936,0,128,lm-head
reference-int8,1536,1,21.586624145507812,151936,1,128,lm-head
reference-int8,1536,1,21.687999725341797,151936,2,128,lm-head
reference-int8,1536,1,21.57792091369629,151936,3,128,lm-head
reference-int8,1536,1,21.375999450683594,151936,4,128,lm-head
