backend,batch_size,chunk_size,config,decode_cpu_ms,decode_cuda_ms,decode_iterations,duration_s,e2e_ms_p50,e2e_ms_p95,e2e_ms_p99,gpu_memory_peak_gb,gpu_utilization_mean_pct,metadata_construction_ms,mixed_cpu_ms,mixed_cuda_ms,mixed_iterations,peak_allocated_bytes,preemptions,prefill_cpu_ms,prefill_cuda_ms,prefill_iterations,recomputed_tokens,repeat,requests,steady_allocated_bytes,steady_reserved_bytes,successful_requests,throughput_tokens_per_s,tpot_ms_p50,tpot_ms_p95,tpot_ms_p99,ttft_ms_p50,ttft_ms_p95,ttft_ms_p99,workload
fp16,1,16,fp16-16x8,355.3694490001362,355.4096031188965,7,0.4169010019995767,416.1215060012182,416.1215060012182,416.1215060012182,4.97869873046875,19.0,1.1180670007888693,0.0,0,0,4222542336,0,59.21506400045473,59.20550537109375,1,0,0,1,4155207680,4366270464,1,19.189207897389807,50.94538157157201,50.94538157157201,50.94538157157201,59.50383500021417,59.50383500021417,59.50383500021417,16x8
fp16,1,16,fp16-16x8,343.7006390031456,343.72784423828125,7,0.39619323999977496,395.6511190008314,395.6511190008314,395.6511190008314,4.97869873046875,37.5,1.1090919997513993,0.0,0,0,4222542336,0,50.575150999065954,50.581600189208984,1,0,1,1,4155207680,4418699264,1,20.19216683253996,49.264960285654524,49.264960285654524,49.264960285654524,50.796397001249716,50.796397001249716,50.796397001249716,16x8
fp16,1,16,fp16-16x8,344.07998700226017,344.11942291259766,7,0.396441054999741,395.9804530004476,395.9804530004476,395.9804530004476,4.97869873046875,37.5,1.0964369994326262,0.0,0,0,4222542336,0,50.56215600052383,50.575008392333984,1,0,2,1,4155207680,4418699264,1,20.17954472451201,49.317424285878324,49.317424285878324,49.317424285878324,50.758482999299304,50.758482999299304,50.758482999299304,16x8
fp16,1,16,fp16-16x8,344.05270899696916,344.08390045166016,7,0.3963715959998808,395.80713500072306,395.80713500072306,395.80713500072306,4.97869873046875,37.0,1.085713996872073,0.0,0,0,4222542336,0,50.320536000072025,50.31033706665039,1,0,3,1,4155207680,4418699264,1,20.18308092894327,49.3237295714997,49.3237295714997,49.3237295714997,50.5410280002252,50.5410280002252,50.5410280002252,16x8
fp16,1,16,fp16-16x8,351.49233100128185,351.5990104675293,7,0.4104281260006246,409.9462569993193,409.9462569993193,409.9462569993193,4.97869873046875,37.2,1.4976070015109144,0.0,0,0,4222542336,0,56.81273899972439,56.78188705444336,1,0,4,1,4155207680,4418699264,1,19.491841550809863,50.418084857093554,50.418084857093554,50.418084857093554,57.01966299966443,57.01966299966443,57.01966299966443,16x8
fp16,1,32,fp16-128x32,1579.4309000011708,1579.6195182800293,31,1.8258429050001723,1825.2875549987948,1825.2875549987948,1825.2875549987948,5.34002685546875,37.888888888888886,5.7903709948732285,0.0,0,0,4614936064,0,239.4163489989296,239.95437240600586,4,0,0,1,4155207680,4418699264,1,17.526151846013818,51.133118193496145,51.133118193496145,51.133118193496145,240.16089100041427,240.16089100041427,240.16089100041427,128x32
fp16,1,32,fp16-128x32,1493.5518649963342,1493.734531402588,31,1.7028026589996443,1702.3232909996295,1702.3232909996295,1702.3232909996295,5.34588623046875,37.8235294117647,5.868882999493508,0.0,0,0,4614936064,0,203.40015500005393,203.84012985229492,4,0,1,1,4155207680,4812963840,1,18.792547586694063,48.32809599998478,48.32809599998478,48.32809599998478,204.15231500010123,204.15231500010123,204.15231500010123,128x32
fp16,1,32,fp16-128x32,1482.6882499946805,1482.8460159301758,31,1.6916722450005182,1691.0350489997654,1691.0350489997654,1691.0350489997654,5.34588623046875,36.294117647058826,5.851915004313923,0.0,0,0,4614936064,0,202.8734949999489,203.36883163452148,4,0,2,1,4155207680,4812963840,1,18.916193780781807,47.97983548386612,47.97983548386612,47.97983548386612,203.6601489999157,203.6601489999157,203.6601489999157,128x32
fp16,1,32,fp16-128x32,1495.1250330050243,1495.3109512329102,31,1.7125214879997657,1711.9605690004391,1711.9605690004391,1711.9605690004391,5.34588623046875,35.1764705882353,5.687192000550567,0.0,0,0,4614936064,0,211.2189759991452,211.7679328918457,4,0,3,1,4155207680,4812963840,1,18.685896921139467,48.38232012902623,48.38232012902623,48.38232012902623,212.10864500062598,212.10864500062598,212.10864500062598,128x32
fp16,1,32,fp16-128x32,1509.996725992096,1510.2475852966309,31,1.72366159700141,1723.1873060009093,1723.1873060009093,1723.1873060009093,5.34588623046875,35.294117647058826,5.629432998830453,0.0,0,0,4614936064,0,207.49676599734812,207.92607879638672,4,0,4,1,4155207680,4812963840,1,18.56512905762315,48.87045580647781,48.87045580647781,48.87045580647781,208.2031760000973,208.2031760000973,208.2031760000973,128x32
fp16,1,16,fp16-right-skewed,6153.36474200376,6154.107604980469,121,8.497542764000173,3443.7777799994365,7918.046645899812,8223.392874779456,6.90057373046875,35.40963855421687,26.9685280181875,0.0,0,0,6288994816,0,2316.3403190083045,2322.0382041931152,43,0,0,8,4155207680,4812963840,8,15.180859171019216,49.171654451010255,61.905660229533815,66.24126528230259,2913.1730499993864,6854.787549150387,7229.11983223039,right-skewed
fp16,1,16,fp16-right-skewed,6022.258031995079,6022.852245330811,121,8.411566238000887,3219.766245500068,7831.464982150827,8132.283948430885,6.90447998046875,35.72839506172839,28.023356000630883,0.0,0,0,6288994816,0,2359.7601460023725,2365.2561798095703,43,0,1,8,4155207680,6486491136,8,15.336026175151234,49.291707496850705,51.59662706111501,52.094851812238225,2701.608393499555,6739.65142670022,7132.513562940221,right-skewed
fp16,1,16,fp16-right-skewed,5919.050218002667,5919.382789611816,121,8.100006304000999,3238.2191829992735,7513.960308500099,7818.081493699574,6.90447998046875,37.0625,26.792550002937787,0.0,0,0,6288994816,0,2152.3010690034425,2157.590503692627,43,0,2,8,4155207680,6486491136,8,15.925913531237677,48.89944715137972,50.210548292942335,50.48910151315271,2724.3621819998225,6446.172419101003,6815.661979820743,right-skewed
fp16,1,16,fp16-right-skewed,6042.075777997525,6042.468288421631,121,8.208612141999765,3383.014782499231,7660.684992598907,7968.779000918511,6.90447998046875,36.575,26.775877006002702,0.0,0,0,6288994816,0,2137.5576549908146,2143.246208190918,43,0,3,8,4155207680,6486491136,8,15.71520224959408,48.760014681877266,56.11352538889048,58.837020633357795,2872.748730499552,6616.073222799422,6995.26244215911,right-skewed
fp16,1,16,fp16-right-skewed,6047.079544998269,6047.646488189697,121,8.236604571000498,3260.872384999857,7660.1768733497,7956.337554669298,6.90447998046875,35.65,27.070207992437645,0.0,0,0,6288994816,0,2161.3131609974516,2167.118022918701,43,0,4,8,4155207680,6486491136,8,15.661793508235688,48.22298219283064,59.5463559297788,64.27436604310478,2636.6969439995955,6612.28175035003,6978.084574869881,right-skewed
fp16,2,16,fp16-16x8,342.80757900160097,342.80956268310547,7,0.39913622299900453,398.66109200102073,398.68093160157514,398.6826951216244,6.90447998046875,19.0,1.4695990066684317,0.0,0,0,4289221632,0,54.43394800022361,54.428096771240234,1,0,0,2,4155207680,6486491136,2,40.0865646314439,49.14329242858783,49.143561142838216,49.14358502854936,54.658045000905986,54.67976560121315,54.68169632124045,16x8
fp16,2,16,fp16-16x8,346.4503439990949,346.49443435668945,7,0.4009350819997053,400.49485100007587,400.5141136997736,400.5158259397467,6.90447998046875,37.0,1.466646999688237,0.0,0,0,4289221632,0,52.6303309998184,52.62547302246094,1,0,1,2,4155207680,6486491136,2,39.90670988479816,49.66305135712901,49.663302264395625,49.663324567263764,52.85349150017282,52.874510550736886,52.876378910787025,16x8
fp16,2,16,fp16-16x8,348.9452470003016,349.0073890686035,7,0.4056247449989314,405.10362399982114,405.1249837002615,405.12688234030065,6.90447998046875,36.0,1.5913789993646787,0.0,0,0,4289221632,0,54.583912999078166,54.57526397705078,1,0,2,2,4155207680,6486491136,2,39.44532526003104,50.03657999999892,50.036991428545925,50.037027999972324,54.84756399982871,54.8718037000981,54.873958340122044,16x8
fp16,2,16,fp16-16x8,352.6579330009554,352.70710372924805,7,0.40825133200087294,407.31424749992584,407.3346797501472,407.33649595016686,6.90447998046875,37.2,1.6279830015264452,0.0,0,0,4289221632,0,53.18000800070877,53.174625396728516,1,0,3,2,4155207680,6486491136,2,39.19154389915325,50.55456221426928,50.554836907057116,50.55486132419381,53.43231200004084,53.454667099777,53.456654219753545,16x8
fp16,2,16,fp16-16x8,359.41357700176013,359.4892807006836,7,0.4160434339992207,415.43236800043815,415.4526117004025,415.4544111403993,6.90447998046875,35.8,1.73471000380232,0.0,0,0,4289221632,0,54.32517299959727,54.319969177246094,1,0,4,2,4155207680,6486491136,2,38.45752316338675,51.54690457129618,51.54727164276015,51.54730427133473,54.604036001364875,54.62684920157699,54.62887704159584,16x8
fp16,2,32,fp16-128x32,1687.2035989963479,1687.2849006652832,31,1.9252676430005522,1924.6966179998708,1924.7142867996445,1924.7158573596244,7.29510498046875,36.36842105263158,9.497991994066979,0.0,0,0,5149788160,0,230.92474899931403,231.53756713867188,4,0,0,2,4155207680,6486491136,2,33.24213141620936,54.60895266127585,54.60904287900766,54.6090508983616,231.8190855003195,231.8395510497794,231.8413702097314,128x32
fp16,2,32,fp16-128x32,1688.0139719978615,1688.219295501709,31,1.927903588000845,1927.346713499901,1927.372243350237,1927.374512670267,7.29510498046875,34.05,9.681231000286061,0.0,0,0,5149788160,0,232.90212800020527,233.44079971313477,4,0,1,2,4155207680,6905921536,2,33.196680787531136,54.628741161298336,54.62881310323874,54.62881949807789,233.8557374996526,233.88349755014133,233.88596511018477,128x32
fp16,2,32,fp16-128x32,1796.0548129995004,1796.4326095581055,31,2.062864695999451,2062.3341219989015,2062.36764609921,2062.3706260192375,7.29510498046875,31.047619047619047,9.829821001403616,0.0,0,0,5149788160,0,258.5217290034052,259.2296905517578,4,0,2,2,4155207680,6905921536,2,31.024817150691607,58.151646580617744,58.1517107128709,58.15171641351563,259.63307799975155,259.66859019990807,259.671746839922,128x32
fp16,2,32,fp16-128x32,1543.4393770046881,1543.5727653503418,31,1.782314239999323,1781.7379985008301,1781.7653580510523,1781.767790011072,7.29510498046875,35.888888888888886,9.311251998951775,0.0,0,0,5149788160,0,232.4723220008309,233.02102279663086,4,0,3,2,4155207680,6905921536,2,35.9083704566173,49.947515693577685,49.947587504867705,49.947593888093486,233.365011999922,233.3945977001349,233.39722754015384,128x32
fp16,2,32,fp16-128x32,1710.2124670036574,1710.441562652588,31,1.9294228319995455,1928.8580134998483,1928.8845855489853,1928.8869475089086,7.29510498046875,31.61111111111111,8.436310994511587,0.0,0,0,5149788160,0,212.86013499957335,213.29785537719727,4,0,4,2,4155207680,6905921536,2,33.17054143786305,55.32860017742237,55.3287302855302,55.32874185069534,213.6714079997546,213.70201340023414,213.70473388027676,128x32
fp16,2,16,fp16-right-skewed,2273.935844996231,2273.9776039123535,47,4.392617892000999,1852.4267564998809,4053.3574691992726,4159.884675438898,7.29510498046875,39.04545454545455,20.910248007567134,1846.5766139997868,1846.6848030090332,36,6283538944,0,256.3001290018292,256.8251838684082,5,0,0,8,4155207680,6905921536,8,29.36745311603595,49.171976330771116,51.228784360715245,51.706337500687106,1314.2260499998883,2993.7974734499217,3172.288713089183,right-skewed
fp16,2,16,fp16-right-skewed,2315.93693099785,2316.171413421631,47,4.491184177000832,1906.516924999778,4150.824284999817,4259.449948999882,7.29510498046875,37.15555555555556,21.474595998370205,1899.9919350044365,1900.2566566467285,36,6283538944,0,258.287766999274,258.8295669555664,5,0,1,8,4155207680,6905921536,8,28.722936961838183,50.62488208500773,52.50038640843836,52.884243910263194,1356.634116999885,3073.9296964508862,3251.0481408909436,right-skewed
fp16,2,16,fp16-right-skewed,2460.84017299836,2461.0514602661133,47,4.569358190999992,2037.021090000053,4234.674870699837,4339.760488539705,7.29510498046875,36.84444444444444,20.491883005888667,1836.8095899968466,1836.9987831115723,36,6283538944,0,255.86229199871013,256.35186767578125,5,0,2,8,4155207680,6905921536,8,28.23153594176181,50.18760624999629,71.73549072469966,74.28778145924227,1417.0088675000443,3177.5288812999856,3358.1267482600015,right-skewed
fp16,2,16,fp16-right-skewed,2306.615364999743,2306.746871948242,47,4.382469223000953,1850.7589620003273,4035.436773949914,4142.781662789785,7.29510498046875,38.52272727272727,20.535614996333607,1801.6011659929063,1801.7049369812012,36,6283538944,0,258.3836079993489,258.849796295166,5,0,3,8,4155207680,6905921536,8,29.43546056706031,49.525089428910476,50.290852915864775,50.33768824033388,1327.0614644998204,2961.510531299427,3139.4137118595245,right-skewed
fp16,2,16,fp16-right-skewed,2462.0548310031154,2462.1723709106445,47,4.559178220999456,1856.3518255004965,4152.022740550274,4312.77760250985,7.29510498046875,37.0,20.462779011722887,1828.4644099949219,1828.6110191345215,36,6283538944,0,252.53117899774224,253.10105895996094,5,0,4,8,4155207680,6905921536,8,28.29457278196087,49.209095960433174,55.46600977193924,57.49899983438526,1334.07163100037,2972.464916149965,3148.7500800298403,right-skewed
fp16,4,16,fp16-16x8,459.701193994988,459.75395584106445,9,0.5659002169995802,414.5735924994369,414.61356659992816,414.61857012005567,7.29510498046875,28.166666666666668,2.835274999597459,50.8477679995849,50.84636688232422,1,4420695552,0,52.507606998915435,52.503841400146484,1,0,0,4,4155207680,6905921536,4,56.54707144249733,51.68524892854164,51.68607247865761,51.686137467251164,52.772411999285396,52.81860384993706,52.82421756999611,16x8
fp16,4,16,fp16-16x8,357.3430650012597,357.35645294189453,7,0.4188407779984118,418.22457449961803,418.2742824998968,418.28038690005997,7.29510498046875,32.8,2.560963001087657,0.0,0,0,4494670336,0,59.18330900021829,59.173152923583984,1,0,1,4,4155207680,6905921536,4,76.40134791298028,51.24100385702539,51.241644585687546,51.24170365998776,59.53754750044027,59.59354344968233,59.600315889711055,16x8
fp16,4,16,fp16-16x8,359.6689099977084,359.71797943115234,7,0.4163224389994866,415.7158409989279,415.7597871012513,415.7652550215971,7.29510498046875,34.4,2.4393110015807906,0.0,0,0,4494670336,0,54.46732800010068,54.441471099853516,1,0,2,4,4155207680,6905921536,4,76.86350050432775,51.56589957134981,51.56659760716918,51.56665906432473,54.75454399947921,54.80410225027299,54.81010285038792,16x8
fp16,4,16,fp16-16x8,364.553949002584,364.58147048950195,7,0.4244521860000532,423.74534499958827,423.7905906009473,423.79620612115104,7.29510498046875,33.6,2.6265970027452568,0.0,0,0,4494670336,0,57.32864600031462,57.318878173828125,1,0,3,4,4155207680,6905921536,4,75.39129507509708,52.30155850001341,52.30227325697082,52.30233545122246,57.63443549949443,57.685632149969024,57.691816829992604,16x8
fp16,4,16,fp16-16x8,342.34645500146144,342.37718963623047,7,0.39824866900016787,397.5527010006772,397.5954295493466,397.60079390909596,7.29510498046875,36.0,2.247905998956412,0.0,0,0,4494670336,0,53.59339800088492,53.590782165527344,1,0,4,4,4155207680,6905921536,4,80.35180652414563,49.09608371430555,49.096796821348626,49.09685913562238,53.88011500053835,53.929363600127544,53.93537992002166,16x8
fp16,4,32,fp16-128x32,1525.1519460052805,1525.3116493225098,31,1.7611764299999777,1760.5604435002533,1760.605097399639,1760.6105530795685,7.89276123046875,39.888888888888886,14.674476004074677,0.0,0,0,6003742208,0,229.63998900013394,230.14204788208008,4,0,0,4,4155207680,6905921536,4,72.67869238972362,49.357190806433444,49.357357196749355,49.35737239416642,230.48752850081655,230.53860870049903,230.54471454042869,128x32
fp16,4,32,fp16-128x32,1541.5429860004224,1541.7659606933594,31,1.769231004998801,1768.5940039991692,1768.6471871989852,1768.6539206389352,7.89276123046875,38.55555555555556,14.136273004623945,0.0,0,0,6003545600,0,220.8768450000207,221.4408950805664,4,0,1,4,4155207680,7547650048,4,72.34781644587262,49.89448599999671,49.89465699676246,49.89467067676213,221.8649379992712,221.92622709853822,221.9337806184376,128x32
fp16,4,32,fp16-128x32,1576.6588960032095,1576.8666496276855,31,1.8214746579997154,1820.7607335007197,1820.8098592002898,1820.8161558402753,7.89276123046875,37.0,15.238722997310106,0.0,0,0,6003545600,0,237.32138899686106,237.9336280822754,4,0,2,4,4155207680,7547650048,4,70.27273173296051,51.047009225840156,51.04719150163991,51.047205835835015,238.3034474996748,238.36023059984655,238.3672549199946,128x32
fp16,4,32,fp16-128x32,1572.9537360039103,1573.2523803710938,31,1.799766129001,1799.1587619999336,1799.2141414494654,1799.221168289423,7.89276123046875,37.55555555555556,14.113969997197273,0.0,0,0,6003545600,0,220.007350000742,220.50028610229492,4,0,3,4,4155207680,7547650048,4,71.12035165982884,50.912677306446454,50.9128561774061,50.91287185482513,220.8657655000934,220.92940315005762,220.9372990301017,128x32
fp16,4,32,fp16-128x32,1553.7071480011946,1553.8441314697266,31,1.7797364790003485,1779.1479949992208,1779.207207651143,1779.2148455314054,7.89276123046875,38.55555555555556,14.100122005402227,0.0,0,0,6003545600,0,219.6413739966374,220.16207885742188,4,0,4,4,4155207680,7547650048,4,71.92075990480102,50.27770856451107,50.277890659635304,50.27790528027547,220.53902949937765,220.60604355092437,220.6144391111411,128x32
fp16,4,16,fp16-right-skewed,1990.9638299941435,1991.1971054077148,40,4.357004972000141,2180.079214000216,3855.4465638999313,4091.441083979771,8.96697998046875,39.06976744186046,27.098367992948624,2198.42764799796,2198.497272491455,41,7447855616,0,152.13207099805004,152.4865608215332,3,0,0,12,4155207680,7547650048,12,52.100009400676136,51.296066318580934,54.37876145835313,54.56495259171485,1028.8722495006368,2684.3459323004936,2859.961748059432,right-skewed
fp16,4,16,fp16-right-skewed,1986.8447989902052,1987.079200744629,40,4.521520884998608,2461.796306999531,4012.6268389997676,4247.806363799882,8.97088623046875,37.04545454545455,28.986560997509514,2360.0485370025126,2360.0799407958984,41,7447855616,0,157.66372100006265,158.0244483947754,3,0,1,12,4155207680,8705277952,12,50.204346230741756,53.73955443747188,70.1959646142833,73.79410743717796,1262.769345000379,2898.474873149098,3055.1793362297763,right-skewed
fp16,4,16,fp16-right-skewed,1971.9305399994482,1971.947093963623,40,4.271857825000552,2201.3770690000456,3777.6478493002282,4008.6162370594325,8.97088623046875,39.348837209302324,27.606103005382465,2133.079003999228,2133.154010772705,41,7447855616,0,151.19254299679596,151.50787353515625,3,0,2,12,4155207680,8705277952,12,53.13847260353771,51.00674415001777,53.096899000820486,53.376294927556955,1053.1374809997942,2647.9595492000954,2804.2367234393173,right-skewed
fp16,4,16,fp16-right-skewed,2228.4019840044493,2228.6846618652344,40,4.52454218999992,2207.6192875001652,3884.8591622003364,4224.268833240676,8.97088623046875,38.13636363636363,27.59678100301244,2119.7026369954983,2119.715549468994,41,7447855616,0,160.04231199985952,160.51830291748047,3,0,3,12,4155207680,8705277952,12,50.17082181302502,51.14660642666725,55.13659416574369,58.474205745137,1060.5469069996616,2625.542819700513,2786.2333919410053,right-skewed
fp16,4,16,fp16-right-skewed,1973.9244650027103,1974.105827331543,40,4.296747705999223,2245.675648499855,3779.609270100263,4013.414480420252,8.97088623046875,39.51162790697674,28.33522298897151,2140.6118550039537,2140.5168647766113,41,7447855616,0,165.27138799938257,165.75660705566406,3,0,4,12,4155207680,8705277952,12,52.830656005950054,50.975680544961506,53.32013439997354,53.47610083550434,1098.598129500715,2656.7065419501887,2814.826988389323,right-skewed
fp16,8,16,fp16-16x8,445.89352600269194,445.8900146484375,9,0.555682596999759,409.26336150005227,409.31105669906174,409.32297853903947,8.97088623046875,28.166666666666668,4.1112720009550685,51.83876800037979,51.836158752441406,1,4693640704,0,54.99466299988853,54.98633575439453,1,0,0,8,4155207680,8705277952,8,115.1736627087995,50.55339171433713,50.554691564294835,50.55479648433123,55.386428499332396,55.445076599062304,55.4582713185664,16x8
fp16,8,16,fp16-16x8,355.7295549999253,355.7643241882324,7,0.4154435159998684,414.83332100051484,414.91020719959124,414.9270486397472,8.97088623046875,34.0,3.9620329971512547,0.0,0,0,4694086144,0,57.2801870002877,57.27033615112305,1,0,1,8,4155207680,8705277952,8,154.05222981027407,51.01334557145622,51.01445803569992,51.01455743561279,57.73990200032131,57.82751285023551,57.845603370551544,16x8
fp16,8,16,fp16-16x8,351.4802210011112,351.5112648010254,7,0.40976757099997485,409.17619899937563,409.23354004980865,409.2508208095205,8.97088623046875,35.2,3.9222979994519847,0.0,0,0,4694086144,0,55.954552999537555,55.942718505859375,1,0,2,8,4155207680,8705277952,8,156.1861028773405,50.39149542855219,50.39269762859736,50.39279346860245,56.43573099951027,56.513042849383055,56.531603769308276,16x8
fp16,8,16,fp16-16x8,451.5652990012313,451.5898857116699,9,0.5640865780005697,414.9900919992433,415.0446275494687,415.058304709346,8.97088623046875,36.333333333333336,4.372134000732331,52.68363800132647,52.68588638305664,1,4693640704,0,56.73471999944013,56.722145080566406,1,0,3,8,4155207680,8705277952,8,113.45776073391231,51.11337728573874,51.11467581421363,51.11478453426441,57.19340649920923,57.25941475002401,57.27458374991329,16x8
fp16,8,16,fp16-16x8,452.5662480009487,452.57900619506836,9,0.5628623489992606,414.27442699932726,414.3230049005979,414.335410580552,8.97088623046875,35.666666666666664,4.228767002132372,51.266349999423255,51.258079528808594,1,4693640704,0,56.051391000437434,56.031551361083984,1,0,4,8,4155207680,8705277952,8,113.70453204729115,51.11200100002732,51.113264121457696,51.11336688148055,56.487255999854824,56.54729815023529,56.5611220305982,16x8
fp16,8,32,fp16-128x32,1559.7592430003715,1559.9377555847168,31,1.983241681000436,1833.4885604999727,1833.5358054996505,1833.5465322995333,9.89276123046875,43.55,25.46881800299161,172.12002199994458,172.05785751342773,3,7888946176,0,239.99894299959124,244.43725204467773,4,0,0,8,4155207680,8705277952,8,129.081595275298,51.241214177406945,51.241665756450885,51.241700919025234,245.05241950009804,250.46465774948956,250.4763603498759,128x32
fp16,8,32,fp16-128x32,1591.0167390084098,1591.2680053710938,31,2.0135873790004553,1857.8173959995183,1857.8720401495957,1857.8872248298285,9.89276123046875,42.15,25.883730999339605,166.12003100090078,166.1288948059082,3,7894202368,0,244.70190700048988,248.95923614501953,4,0,1,8,4155207680,9695133696,8,127.1362756192276,51.877087516092416,51.877660674193564,51.87770643161369,249.6106749995306,249.6833900508136,249.7005588112006,128x32
fp16,8,32,fp16-128x32,1623.6347919984837,1623.8135681152344,31,2.0490485840000474,1892.8396594992591,1892.8985085008208,1892.9135921004672,9.89276123046875,41.095238095238095,26.714576997619588,168.03218599852698,168.02175903320312,3,7894202368,0,245.51915699885285,249.88336181640625,4,0,2,8,4155207680,9695133696,8,124.93603226344685,52.97927267741714,52.979779935459746,52.979815703184876,250.4670754997278,250.54208630090216,250.55909406057253,128x32
fp16,8,32,fp16-128x32,1771.3698299940006,1771.5321960449219,31,2.1988211480002064,1869.3376029996216,2026.4640619988313,2026.4772443984657,9.89276123046875,41.04761904761905,26.120921002075193,172.78269500093302,172.72358322143555,3,7894202368,0,243.45125600302708,247.58941268920898,4,0,3,8,4155207680,9695133696,8,116.42602229509572,52.29195750000086,57.308648333841006,57.30868644092499,248.30065249989275,249.90402689991242,249.91950138000902,128x32
fp16,8,32,fp16-128x32,1547.2972729930916,1547.3981437683105,31,1.9793102339990583,1825.8091469997453,1825.893072999952,1825.9201489998486,9.97283935546875,40.9,27.038834010454593,170.07464100061043,170.08022689819336,3,7922225664,0,246.89093999768374,254.82623672485352,4,0,4,8,4155207680,9695133696,8,129.3379863361641,50.6517555161061,50.65233140486241,50.652370126149876,255.60081349976826,256.3918726505108,256.67868253049164,128x32
fp16,8,16,fp16-right-skewed,954.4338510022499,954.4747276306152,19,4.344988711998667,2558.227196000189,3798.2946811493093,3965.4110146793028,12.07049560546875,42.41860465116279,52.000949008288444,3220.483058994432,3220.461238861084,56,11219606016,0,153.4676449973631,153.8292465209961,3,0,0,24,4155207680,9781116928,24,88.37767493839183,55.8486108610244,64.80890444810939,65.9099875116408,1211.353025999415,3058.4200110991333,3174.2149869297828,right-skewed
fp16,8,16,fp16-right-skewed,967.1000109901797,967.1763877868652,19,4.2437634369998705,2569.1033065004376,3716.2284384005034,3847.3314796604427,12.07635498046875,41.714285714285715,52.506744996208,3083.1062590041256,3083.222370147705,55,11217614336,0,174.9132639997697,175.5283546447754,3,0,1,24,4155207680,12039749632,24,90.48572233127794,54.217153895933734,60.45748728614752,60.490994392204,1307.6822549992357,2984.507280900379,3138.731996279512,right-skewed
fp16,8,16,fp16-right-skewed,957.2500039976148,957.3195571899414,19,4.249838677998923,2423.9758310004618,3757.507257300312,3886.111818050813,12.07635498046875,41.97560975609756,50.544502006232506,3117.5868189948233,3117.6943321228027,55,11217614336,0,158.3187670003099,158.71945571899414,3,0,2,24,4155207680,12039749632,24,90.35637093425156,52.996136642832425,88.12508667629486,99.50190665721766,1184.6634145003918,3032.131675050277,3139.473674990277,right-skewed
fp16,8,16,fp16-right-skewed,996.8674530045973,996.9499397277832,19,4.168193303999942,2430.383546000485,3621.9026559492704,3794.8124302406904,12.07635498046875,43.523809523809526,50.65376699712942,3000.1517990003777,3000.2766342163086,56,11219606016,0,153.70488299777207,154.03971099853516,3,0,3,24,4155207680,12039749632,24,92.12624559218507,52.72595901001296,57.043933724915206,57.4654612618047,1172.19749799915,2848.3634732997416,2965.19105321986,right-skewed
fp16,8,16,fp16-right-skewed,944.1523430068628,944.2584648132324,19,4.040250169999126,2407.6142024996443,3544.3760088002814,3671.686291768783,12.07635498046875,44.15,50.30965698642831,2920.8487160030927,2920.819004058838,55,11217614336,0,158.4286389988847,158.80966186523438,3,0,4,24,4155207680,12039749632,24,95.04361953905519,52.543393104770075,54.02849063570362,54.43153997831905,1165.9834564998164,2823.8570050496487,2931.799199970792,right-skewed
reference-int8,1,16,reference-int8-16x8,528.8540900019143,528.9635467529297,4,0.6871711479998339,0.0,0.0,0.0,14.53143310546875,83.42857142857143,1.0244660006719641,0.0,0,0,14745414144,0,130.5319570001302,130.5302734375,1,0,0,1,2914963456,5534384128,0,0.0,0.0,0.0,0.0,0.0,0.0,0.0,16x8
triton-int8,1,16,triton-int8-16x8,1016.5502580002794,1016.6368064880371,7,2.361870884000382,2361.0116569998354,2361.0116569998354,2361.0116569998354,3.61346435546875,19.666666666666668,1.1855770007969113,0.0,0,0,2918018560,0,1342.7857799997582,1342.8087158203125,1,0,0,1,2912604160,2952790016,1,3.387145357603175,145.412502857133,145.412502857133,145.412502857133,1343.1241369999043,1343.1241369999043,1343.1241369999043,16x8
triton-int8,1,16,triton-int8-16x8,440.74097399970924,440.7891540527344,7,0.5062208920007834,505.704290999347,505.704290999347,505.704290999347,3.61346435546875,54.6,1.0365500020270701,0.0,0,0,2918018560,0,63.58790800004499,63.58585739135742,1,0,1,1,2912604160,2952790016,1,15.803377787078018,63.12119728577922,63.12119728577922,63.12119728577922,63.85590999889246,63.85590999889246,63.85590999889246,16x8
triton-int8,1,16,triton-int8-16x8,456.1069950013916,456.11449432373047,7,0.5238441870005772,523.3487659988896,523.3487659988896,523.3487659988896,3.61346435546875,52.666666666666664,1.1081499978899956,0.0,0,0,2918018560,0,65.67725900094956,65.66802978515625,1,0,2,1,2912604160,2952790016,1,15.271716664083522,65.31823657132918,65.31823657132918,65.31823657132918,66.12110999958531,66.12110999958531,66.12110999958531,16x8
triton-int8,1,16,triton-int8-16x8,443.0700770008116,443.1350975036621,7,0.507741014000203,506.7067339987261,506.7067339987261,506.7067339987261,3.61346435546875,53.666666666666664,1.1061309996875934,0.0,0,0,2918018560,0,62.400124999840045,62.39539337158203,1,0,3,1,2912604160,2952790016,1,15.756064173292886,63.4444614284543,63.4444614284543,63.4444614284543,62.595503999546054,62.595503999546054,62.595503999546054,16x8
triton-int8,1,16,triton-int8-16x8,449.6954630030814,449.7703056335449,7,0.5161929450005118,515.6372530000226,515.6372530000226,515.6372530000226,3.61346435546875,53.166666666666664,1.1724280011549126,0.0,0,0,2918018560,0,64.63685700146016,64.6324462890625,1,0,4,1,2912604160,2952790016,1,15.498080858102522,64.40208571413157,64.40208571413157,64.40208571413157,64.82265300110157,64.82265300110157,64.82265300110157,16x8
triton-int8,1,32,triton-int8-128x32,2050.274759001695,2050.5013999938965,31,3.8245595400003367,3824.067597000976,3824.067597000976,3824.067597000976,3.61541748046875,34.13157894736842,6.268269000429427,0.0,0,0,2923126272,0,1767.7622419960244,1768.4153060913086,4,0,0,1,2912604160,2952790016,1,8.366976553853618,66.30605416132546,66.30605416132546,66.30605416132546,1768.5799179998867,1768.5799179998867,1768.5799179998867,128x32
triton-int8,1,32,triton-int8-128x32,1957.8876190007577,1958.0962944030762,31,2.227918454000246,2227.235535998261,2227.235535998261,2227.235535998261,3.61541748046875,59.09090909090909,5.873857000551652,0.0,0,0,2923126272,0,264.1431909996754,264.6071014404297,4,0,1,1,2912604160,2954887168,1,14.363182791786537,63.3038918709175,63.3038918709175,63.3038918709175,264.8148879998189,264.8148879998189,264.8148879998189,128x32
triton-int8,1,32,triton-int8-128x32,1947.4688050067925,1947.5954246520996,31,2.2127191449999373,2212.207534999834,2212.207534999834,2212.207534999834,3.61541748046875,59.63636363636363,5.59739199525211,0.0,0,0,2923126272,0,259.6831149985519,260.08105850219727,4,0,2,1,2912604160,2954887168,1,14.461844410896036,62.96528722574998,62.96528722574998,62.96528722574998,260.2836310015846,260.2836310015846,260.2836310015846,128x32
triton-int8,1,32,triton-int8-128x32,1987.9471709937206,1988.167812347412,31,2.2511625709994405,2250.6802469997638,2250.6802469997638,2250.6802469997638,3.61541748046875,58.47826086956522,5.841536996740615,0.0,0,0,2923126272,0,257.4322519976704,257.8275833129883,4,0,3,1,2912604160,2954887168,1,14.214877420333563,64.27887661289611,64.27887661289611,64.27887661289611,258.0350719999842,258.0350719999842,258.0350719999842,128x32
triton-int8,1,32,triton-int8-128x32,1976.8202360046416,1977.040298461914,31,2.244270893999783,2243.6788480008545,2243.6788480008545,2243.6788480008545,3.61541748046875,59.0,5.770754996774485,0.0,0,0,2923126272,0,261.5540839997266,262.0025177001953,4,0,4,1,2912604160,2954887168,1,14.258528275509995,63.91867429034215,63.91867429034215,63.91867429034215,262.1999450002477,262.1999450002477,262.1999450002477,128x32
triton-int8,1,16,triton-int8-right-skewed,7779.90355700058,7780.539176940918,121,15.705184464000922,4775.478264000412,13231.02403104949,14008.303711009394,3.61541748046875,38.354838709677416,27.702174020305392,0.0,0,0,2918018560,0,7898.7609229989175,7904.122940063477,43,0,0,8,2912604160,2954887168,8,8.213848127393279,64.11300357221484,65.81314270450329,65.94818223505551,4110.943793000843,11823.641775249778,12700.045416649882,right-skewed
triton-int8,1,16,triton-int8-right-skewed,7745.97837800502,7746.855171203613,121,10.52802682500078,4147.7239949999785,9803.396266099935,10225.56831962005,3.61541748046875,57.41346153846154,27.514375989994733,0.0,0,0,2918018560,0,2754.782471996805,2759.8430786132812,43,0,1,8,2912604160,2954887168,8,12.253008293412137,64.06781183008789,65.23567986696384,65.54322769341515,3485.5470519996743,8386.047706499903,8892.176773299598,right-skewed
triton-int8,1,16,triton-int8-right-skewed,7667.345925996415,7668.0843505859375,121,10.43499287099985,4146.521597000174,9715.38755800002,10129.701917200016,3.61541748046875,58.61165048543689,27.45212499576155,0.0,0,0,2918018560,0,2741.3171509997483,2746.360248565674,43,0,2,8,2912604160,2954887168,8,12.362250898944755,62.99796362815846,64.82257999722,64.88895777722166,3485.832225500417,8329.537525600244,8822.291685120217,right-skewed
triton-int8,1,16,triton-int8-right-skewed,7702.463259009164,7703.28401184082,121,10.463227342001119,4090.5148355004712,9737.535985250634,10152.618128250158,3.61541748046875,57.90384615384615,27.76618600182701,0.0,0,0,2918018560,0,2733.738725997682,2738.948799133301,43,0,3,8,2912604160,2954887168,8,12.328892012330913,63.447555992044926,64.70618176386779,64.73182411281596,3429.433450000033,8333.0322268499,8835.905621369166,right-skewed
triton-int8,1,16,triton-int8-right-skewed,7794.700558011755,7795.592372894287,121,10.59716451299937,4206.970151999485,9868.682258299032,10290.177380458497,3.61541748046875,56.72380952380952,27.790834014012944,0.0,0,0,2918018560,0,2774.8675759958132,2780.0728492736816,43,0,4,8,2912604160,2954887168,8,12.173067601409583,64.31756817882106,66.09827294722284,66.16178156724851,3546.506490999491,8457.529953099584,8960.24530021983,right-skewed
triton-int8,2,16,triton-int8-16x8,453.0197809981473,453.0903015136719,7,0.5195523719994526,519.1046705003828,519.122085050185,519.1236330101674,3.61541748046875,55.333333333333336,1.5724309996585362,0.0,0,0,2923430400,0,64.65890099934768,64.65929412841797,1,0,0,2,2912604160,2954887168,2,30.795740453316338,64.89195142863277,64.89236092857026,64.8923973285647,64.86101049995341,64.88129154931812,64.88309430926165,16x8
triton-int8,2,16,triton-int8-16x8,439.53969399808557,439.6018829345703,7,0.5060720990004484,505.56302949917153,505.58218644855515,505.58388928850036,3.61541748046875,55.0,1.4964940019126516,0.0,0,0,2923430400,0,64.67593900015345,64.68217468261719,1,0,1,2,2912604160,2954887168,2,31.616048447645845,62.95216864275842,62.95253230708633,62.95256463280437,64.89784899986262,64.91955159954159,64.92148071951306,16x8
triton-int8,2,16,triton-int8-16x8,476.63143499994476,476.7632751464844,7,0.5448318179987837,544.2191680003816,544.2396106002889,544.2414277202806,3.61541748046875,54.666666666666664,1.6266279981209664,0.0,0,0,2923430400,0,65.89242100017145,65.9026870727539,1,0,2,2,2912604160,2954887168,2,29.366860508935474,68.3026121428806,68.30304092867924,68.30307904297246,66.10088300021744,66.12432710071516,66.1264110207594,16x8
triton-int8,2,16,triton-int8-16x8,446.1800059998495,446.24662017822266,7,0.516275152000162,515.7225735001703,515.7435034496302,515.7453638895822,3.61541748046875,53.5,1.6099539952847408,0.0,0,0,2923430400,0,68.01498200002243,68.00640106201172,1,0,3,2,2912604160,2954887168,2,30.99122616692383,63.92072442849894,63.921060642795574,63.92109052851083,68.27750250067766,68.30078595021405,68.30285559017284,16x8
triton-int8,2,16,triton-int8-16x8,475.2262059973873,475.30582427978516,7,0.5454585719999159,544.4425354990017,544.4631918488994,544.4650279688904,3.61541748046875,53.5,1.608373002454755,0.0,0,0,2923430400,0,67.52061299994239,67.51606750488281,1,0,4,2,2912604160,2954887168,2,29.333116796269668,68.09533707135935,68.09574483563014,68.0957810813431,67.77517599948624,67.79868669927964,67.80077653926128,16x8
triton-int8,2,32,triton-int8-128x32,2046.7360319998988,2047.0156860351562,31,3.9833205199993245,3982.7109090001613,3982.7338958997643,3982.735939179729,3.63494873046875,36.3,9.136460999798146,0.0,0,0,2933645824,0,1930.0242970002728,1930.6714630126953,4,0,0,2,2912604160,2954887168,2,16.066997289992333,66.18757891937416,66.1876633016178,66.18767080226169,1930.8959624995623,1930.9215652487183,1930.9238410486432,128x32
triton-int8,2,32,triton-int8-128x32,1998.3903319971432,1998.4882469177246,31,2.374047158000394,2373.3968180004013,2373.418562900042,2373.4204957800102,3.63494873046875,61.083333333333336,8.905534008590621,0.0,0,0,2933645824,0,369.3668730011268,369.82678985595703,4,0,1,2,2912604160,2975858688,2,26.958183953643847,64.6234193709754,64.62351615000738,64.62352475258798,370.0708175001637,370.09556254979543,370.0977621097627,128x32
triton-int8,2,32,triton-int8-128x32,2016.2518239994824,2016.4697608947754,31,2.388803346999339,2388.1226915000298,2388.135282050098,2388.136401210104,3.63494873046875,61.25,9.292788001403096,0.0,0,0,2933645824,0,366.1895170025673,366.74537658691406,4,0,2,2,2912604160,2975858688,2,26.791657036311793,65.19816054840761,65.19847940969245,65.19850775291776,366.9797144993936,367.0021897492916,367.0041875492825,128x32
triton-int8,2,32,triton-int8-128x32,2036.8475840023166,2037.0709953308105,31,2.4097328269999707,2409.1740499998195,2409.1935007995744,2409.1952297595526,3.63494873046875,60.041666666666664,9.006351996504236,0.0,0,0,2933645824,0,366.29073900076037,366.7307586669922,4,0,3,2,2912604160,2975858688,2,26.558960928327338,65.87758666128431,65.87767716933564,65.87768521449576,366.9688635000057,366.9911200493516,366.99309840929345,128x32
triton-int8,2,32,triton-int8-128x32,2037.512720997256,2037.7695007324219,31,2.41326086799927,2412.6772840008925,2412.6953587008757,2412.696965340874,3.63494873046875,60.583333333333336,9.80108200747054,0.0,0,0,2933645824,0,369.00966000030166,369.57916259765625,4,0,4,2,2912604160,2975858688,2,26.520133338531124,65.90004467744296,65.90014570968877,65.90015469033284,369.7758990001603,369.79710569976305,369.79899073972774,128x32
triton-int8,2,16,triton-int8-right-skewed,3097.7317610013415,3098.109432220459,47,10.7103076530002,4534.046857998874,10307.779844299512,10469.75283365944,3.63494873046875,33.03809523809524,21.99259400003939,5727.15876500115,5727.411041259766,36,2922820608,0,1868.910354000036,1869.432014465332,5,0,0,8,2912604160,2975858688,8,12.0444719404362,66.69593357498545,147.4033081113635,158.6583292793524,3176.1904839995623,8377.723967849943,9014.332983969634,right-skewed
triton-int8,2,16,triton-int8-right-skewed,2946.078756993302,2946.3260650634766,47,5.589709928999582,2367.275824000899,5193.903433200376,5352.493772240541,3.63494873046875,65.53571428571429,21.242445009193034,2301.7847540013463,2302.0028190612793,36,2922820608,0,327.3756449980283,327.81440353393555,5,0,1,8,2912604160,2975858688,8,23.078120624961976,63.41072650008885,64.01703655855997,64.08866260056597,1700.388324999949,3831.1792134997627,4076.55315629976,right-skewed
triton-int8,2,16,triton-int8-right-skewed,2997.1338650047983,2997.5167350769043,47,5.625052592000429,2345.627709501059,5225.525141799881,5394.462674759561,3.63494873046875,65.35714285714286,21.67324200127041,2295.656897000299,2295.888095855713,36,2922820608,0,316.75798099968233,317.21865463256836,5,0,2,8,2912604160,2975858688,8,22.933118915804467,63.6523176270289,64.52696932914236,64.71661458587502,1680.2431270007219,3824.6991967492245,4078.0730713484986,right-skewed
triton-int8,2,16,triton-int8-right-skewed,2954.032127998289,2954.3381156921387,47,5.594869904998632,2346.4584245002698,5188.159962200007,5347.203302040143,3.63494873046875,66.07142857142857,21.259537010337226,2291.2750319956103,2291.440704345703,36,2922820608,0,335.0384200020926,335.54774475097656,5,0,3,8,2912604160,2975858688,8,23.056836385909058,63.21747213613283,63.94491207187717,64.23659504302383,1674.8969869995562,3815.6580097498586,4061.159286750007,right-skewed
triton-int8,2,16,triton-int8-right-skewed,3022.527116996571,3022.967597961426,47,5.666168924999511,2353.1743604999065,5270.17710339951,5434.520212679236,3.63494873046875,65.89285714285714,21.494353997695725,2310.527493003974,2310.730728149414,36,2922820608,0,317.93708100121876,318.37305450439453,5,0,4,8,2912604160,2975858688,8,22.766705636120996,63.25410158017847,66.40599171701251,66.83560786340458,1681.732109999757,3827.5920991492053,4074.9150214291326,right-skewed
triton-int8,4,16,triton-int8-16x8,470.0591919972794,470.1067886352539,7,0.5604464620009821,559.7385460005171,559.7833682007149,559.7889712408323,3.63494873046875,56.666666666666664,2.598683999167406,0.0,0,0,2934562304,0,87.80671100066684,87.81517028808594,1,0,0,4,2912604160,2975858688,4,57.09733608764208,67.37861550014453,67.37927605003539,67.37932938145345,88.08823749950534,88.14016979931694,88.14649715941414,16x8
triton-int8,4,16,triton-int8-16x8,439.74361600157863,439.7783088684082,7,0.5299866519999341,529.4798685008573,529.521403500712,529.526598300672,3.63494873046875,59.166666666666664,2.342560999750276,0.0,0,0,2934562304,0,88.36622300077579,88.36486053466797,1,0,1,4,2912604160,2975858688,4,60.378879126948235,62.97833185726631,62.978988250025786,62.979041650014544,88.63154549999308,88.68017680015328,88.68609856017429,16x8
triton-int8,4,16,triton-int8-16x8,449.5420519997424,449.5637435913086,7,0.5394708860003448,538.9324240004498,538.9826870497927,538.9879518096132,3.63494873046875,60.5,2.4892350029404042,0.0,0,0,2934562304,0,87.75712600072438,87.76496124267578,1,0,2,4,2912604160,2975858688,4,59.31738084560795,64.41027164289284,64.41090779278187,64.41096098705853,88.06052250020002,88.11748005018671,88.12343361014428,16x8
triton-int8,4,16,triton-int8-16x8,434.4205530014733,434.46771240234375,7,0.5228039559988247,522.1818820000408,522.2233371508082,522.2285762307911,3.63494873046875,59.666666666666664,2.3422709964506794,0.0,0,0,2934562304,0,86.42107299965573,86.41801452636719,1,0,3,4,2912604160,2975858688,4,61.208412126231,62.21500549989807,62.215618285803686,62.21566834297847,86.67684350075433,86.7252511998231,86.73121663960046,16x8
triton-int8,4,16,triton-int8-16x8,1901.6090479963168,1901.7264099121094,8,5.165164154999729,5036.344326500512,5036.381311700552,5036.385958340634,3.63494873046875,11.96078431372549,2.6117180022993125,1648.363539001366,1648.3900146484375,1,2928842240,0,1612.5773149997258,1612.6317138671875,1,0,4,4,2912604160,2975858688,4,6.195350048850805,489.075625071564,489.07644076438635,489.0764971815172,1612.8383834993656,1643.2069711011536,1647.4911566213086,16x8
triton-int8,4,32,triton-int8-128x32,2001.438811996195,2001.6493873596191,31,4.1252476629997545,4124.655838000763,4124.707624849179,4124.71404736898,3.67401123046875,55.853658536585364,14.882351999403909,0.0,0,0,2956254720,0,2116.799744999298,2117.534912109375,4,0,0,4,2912604160,2975858688,4,31.028440097805497,64.7385406290625,64.73874348384632,64.73876105803004,2117.761078499825,2117.8210697502436,2117.8283075502623,128x32
triton-int8,4,32,triton-int8-128x32,1985.4564129927894,1985.6308135986328,31,7.46074039800078,7331.947525000032,7331.99397039989,7331.99979567984,3.67401123046875,33.61643835616438,16.488191002281383,1763.6608949997026,1763.7415924072266,2,2955331072,0,3519.536406998668,3705.1940307617188,4,0,1,4,2912604160,3015704576,4,17.156474179734168,116.98017167741307,116.98039057258235,116.98040882419762,3705.5570675001945,3705.610592999892,3705.617084999776,128x32
triton-int8,4,32,triton-int8-128x32,1988.7507049916167,1988.9398727416992,31,3.1502346720008063,3149.5624954995947,3149.60679569931,3149.612289539382,3.67401123046875,71.34375,14.284010001574643,0.0,0,0,2956254720,0,1155.0605329994141,1155.6435546875,4,0,2,4,2912604160,3015704576,4,40.63189359753426,64.31175261291027,64.31196060646823,64.31197658582307,1155.8981644993764,1155.9577932997854,1155.9650362599132,128x32
triton-int8,4,32,triton-int8-128x32,2041.3048780064855,2041.5834274291992,31,3.2068418279995967,3206.1261989993,3206.1734862502817,3206.1793644503814,3.67401123046875,70.3125,14.764174999072566,0.0,0,0,2956254720,0,1158.3495929990022,1159.0372619628906,4,0,3,4,2912604160,3015704576,4,39.91465961383116,66.02739541933495,66.02758112746208,66.02759687069567,1159.2769409999164,1159.3296401010775,1159.3359576211697,128x32
triton-int8,4,32,triton-int8-128x32,2037.2395279955526,2037.4237670898438,31,3.2076917119993595,3206.995628999721,3207.036701299694,3207.0418010595677,3.67401123046875,69.09375,15.490145999137894,0.0,0,0,2956254720,0,1163.7058010001056,1164.3356323242188,4,0,4,4,2912604160,3015704576,4,39.904084149102154,65.88506445161563,65.88524519357017,65.8852602903537,1164.558630999636,1164.6078614002363,1164.6137898804045,128x32
triton-int8,4,16,triton-int8-right-skewed,2593.29044799415,2593.514877319336,40,16.50303620900013,11513.890412500587,14225.959173050614,14546.613999410294,3.67596435546875,24.512345679012345,29.32306000548124,13692.943695989015,13693.514610290527,41,2928553472,0,200.58939299997292,200.92095947265625,3,0,0,12,2912604160,3015704576,12,13.755044655128541,133.03356417086434,311.4259179071008,337.75509855919853,7200.12660950033,12730.279150050683,12934.929727610706,right-skewed
triton-int8,4,16,triton-int8-right-skewed,2599.089594998077,2599.3469581604004,40,5.786790242000279,3083.540124999672,5112.597281349189,5424.799115468959,3.67596435546875,68.65517241379311,29.1431980112975,2973.1332850042236,2973.453079223633,41,2928553472,0,198.45118199918943,198.76268768310547,3,0,1,12,2912604160,3017801728,12,39.227272893432975,67.44396868416516,75.43510820949032,75.64948358475645,1565.8745635000741,3640.1239590493788,3842.4002526096597,right-skewed
triton-int8,4,16,triton-int8-right-skewed,2592.0111569939763,2592.1809616088867,40,5.744237302998954,3037.939747499877,5074.175157300123,5384.79980746044,3.67596435546875,70.26315789473684,28.460811994591495,2941.663077997873,2941.8029403686523,41,2928553472,0,195.1829430017824,195.56748962402344,3,0,2,12,2912604160,3017801728,12,39.51786599789109,66.40875999201526,73.95866874287225,74.32943770405257,1550.2603129998533,3594.528491650908,3798.3499631311684,right-skewed
triton-int8,4,16,triton-int8-right-skewed,2669.6412969959056,2670.039218902588,40,5.898568210001031,3122.6120695000645,5204.133361999629,5533.369557199986,3.67596435546875,68.57627118644068,30.44159500313981,3015.5794549991697,3015.9866104125977,41,2928553472,0,196.21035899945127,196.5341453552246,3,0,3,12,2912604160,3017801728,12,38.48391540427068,68.19611926894278,76.23017554801518,76.78855373818128,1578.3867350000946,3680.4700886993487,3884.1994721396445,right-skewed
triton-int8,4,16,triton-int8-right-skewed,2605.0747190001857,2605.298107147217,40,5.764967147999414,3037.9984355004126,5077.297828900008,5401.68808497936,3.67596435546875,70.87719298245614,28.346701012196718,2950.0685680031893,2950.2816619873047,41,2928553472,0,194.56156000160263,194.86441802978516,3,0,4,12,2912604160,3017801728,12,39.37576644799695,66.0777289658457,74.47205633566877,74.89555722263228,1562.5844104988573,3592.8182387496236,3794.7434677493043,right-skewed
triton-int8,8,16,triton-int8-16x8,453.1772419977642,453.2051811218262,7,0.7421906670006138,741.5130034996764,741.5755454499958,741.5883058901454,3.67596435546875,68.125,4.003017000286491,0.0,0,0,2956850688,0,286.4522529998794,286.4857482910156,1,0,0,8,2912604160,3017801728,8,86.23121098873516,64.93320735717134,64.93457200724932,64.93471988730433,286.98055199947703,287.0548737498211,287.06895634999455,16x8
triton-int8,8,16,triton-int8-16x8,484.9891800004116,485.04185485839844,7,0.7693065610001213,768.7304734999998,768.7734021500546,768.7845436297539,3.67596435546875,67.5,4.566265999528696,0.0,0,0,2956850688,0,281.4635590002581,281.5533447265625,1,0,1,8,2912604160,3017801728,8,83.19180316985482,69.54519328571354,69.54647940011844,69.54659028018276,281.9141205000051,281.965817049786,281.9777162093669,16x8
triton-int8,8,16,triton-int8-16x8,1869.538424001803,1869.6324996948242,8,6.492820241999652,6365.175597999951,6365.226435050317,6365.24035581042,3.67596435546875,11.15625,4.457996001292486,1668.3059530005266,1668.355224609375,1,2950489088,0,2951.9330319999426,2952.033203125,1,0,2,8,2912604160,3017801728,8,9.85704171909884,487.54932871426195,487.55060741421926,487.55073325416174,2952.3275005003597,2952.390037850546,2952.40530037021,16x8
triton-int8,8,16,triton-int8-16x8,452.8788349998649,452.9132499694824,7,0.7357724529992993,735.1627114994699,735.2067823505422,735.2180604703244,3.67596435546875,69.75,4.146965004110825,0.0,0,0,2956850688,0,280.5155809983262,280.5479431152344,1,0,3,8,2912604160,3017801728,8,86.9834141508162,64.89259014285511,64.8941697070768,64.89429222707258,280.91458049948415,280.9720330495111,280.98481140947115,16x8
triton-int8,8,16,triton-int8-16x8,462.130811996758,462.2120246887207,7,0.7447889209997811,744.1729245001625,744.2327664490222,744.2458236885795,3.67596435546875,67.75,4.0171729979192605,0.0,0,0,2956850688,0,280.0947420000739,280.1313171386719,1,0,4,8,2912604160,3017801728,8,85.93038671156442,66.2297478571158,66.23128048572003,66.23138112574712,280.56468950035196,280.638181649374,280.65280352919217,16x8
triton-int8,8,32,triton-int8-128x32,1997.9507740008557,1998.0712547302246,31,9.83400138899924,9637.315658499574,9637.366418999409,9637.378727799623,3.79705810546875,39.79381443298969,26.886171001024195,3435.2697409995017,3435.4127197265625,3,2996428800,0,4116.861267997592,4393.5440673828125,4,0,0,8,2912604160,3017801728,8,26.03212973778641,169.13469082253636,169.13504637417526,169.1350782038611,4394.12974950028,4394.191738050722,4394.205418010824,128x32
triton-int8,8,32,triton-int8-128x32,1993.559993998133,1993.6800384521484,31,4.683901671000058,4489.783133499259,4489.830586949938,4489.8441901895785,3.79705810546875,80.12765957446808,28.313199001786415,848.7265490002756,848.7853088378906,3,2996428800,0,1556.8707170004927,1834.3819580078125,4,0,1,8,2912604160,3147825152,8,54.6552891118531,85.63506338710033,85.63582618226651,85.63585888807621,1835.073280499273,1835.1445786499426,1835.1599677297963,128x32
triton-int8,8,32,triton-int8-128x32,1990.644355006225,1990.7335243225098,31,4.69255803499982,4496.055201999297,4496.102649200293,4496.114260240247,3.79705810546875,80.63829787234043,27.96729700639844,854.3577390009887,854.4331359863281,3,2996428800,0,1562.099605003823,1840.4748840332031,4,0,2,8,2912604160,3147825152,8,54.55446647449078,85.64516012903633,85.64552294356844,85.6455540597011,1841.0445074987365,1841.1031820000971,1841.115720399921,128x32
triton-int8,8,32,triton-int8-128x32,2002.1445600086736,2002.2359008789062,31,4.711498476999623,4519.8213735002355,4519.871618399702,4519.88305807994,3.79705810546875,80.46808510638297,27.700236005330225,854.5751999990898,854.6280212402344,3,2996428800,0,1568.9088919989445,1847.3975219726562,4,0,3,8,2912604160,3147825152,8,54.33515499362444,86.18436275807447,86.18483566127497,86.18486700319936,1848.0919885005278,1848.1573159491745,1848.1705159890043,128x32
triton-int8,8,32,triton-int8-128x32,2048.4739819894457,2048.690570831299,31,4.767811780000557,4573.656501000187,4573.7055820500245,4573.717610009771,3.79705810546875,80.08510638297872,27.201743989280658,860.1372100019944,860.2537536621094,3,2996428800,0,1571.3802959999157,1851.1289978027344,4,0,4,8,2912604160,3147825152,8,53.69339475057258,87.80363683871978,87.80400405645607,87.80402767580345,1851.732767499925,1851.793615549559,1851.8070911090217,128x32
triton-int8,8,16,triton-int8-right-skewed,1261.646720004137,1261.7111511230469,19,42.46301416300048,29272.23377900009,34149.54298130096,35860.8322927807,3.79901123046875,16.771084337349397,53.239268008837826,40989.091533994724,40990.755043029785,55,2948984320,0,192.35639400176296,192.6696319580078,3,0,0,24,2912604160,3147825152,24,9.04316397620668,444.9425153418613,1132.1897317938265,1230.1713690584224,18678.683420000198,32532.636221150366,33570.79039052967,right-skewed
triton-int8,8,16,triton-int8-right-skewed,1227.0722169978399,1227.246597290039,19,7.643589799001347,4548.808606999955,6579.747478999979,6680.004064070999,3.79901123046875,86.07894736842105,51.96106099901954,6205.552480003462,6206.226581573486,55,2948984320,0,192.72281600024144,193.0494728088379,3,0,1,24,2912604160,3147825152,24,50.23817474482611,85.73157078330951,163.68709351576928,178.73616991818562,2323.4143009995023,5628.846899250219,5774.256455370087,right-skewed
triton-int8,8,16,triton-int8-right-skewed,1243.1120080036635,1243.2435874938965,19,7.6989029760006815,4557.126873000016,6630.800568599533,6732.0534322395,3.79901123046875,87.10526315789474,52.590842000427074,6248.882233014228,6249.426139831543,55,2948984320,0,189.30534700120916,189.6077117919922,3,0,2,24,2912604160,3147825152,24,49.8772359123137,86.94931556668357,164.4319067459015,179.9580235518979,2339.248218000648,5656.289091750022,5800.524053640311,right-skewed
triton-int8,8,16,triton-int8-right-skewed,1235.2037239998026,1235.3419761657715,19,7.740962133000721,4613.374513499366,6726.067202650119,6928.42286197003,3.79901123046875,86.28571428571429,52.25316999894858,6287.855440996282,6288.3682861328125,55,2948984320,0,199.6343530008744,199.99107360839844,3,0,3,24,2912604160,3147825152,24,49.60623671868364,87.02656819997779,165.99502694831347,181.40793996044158,2367.9389054996136,5746.062299850472,5852.395647210469,right-skewed
triton-int8,8,16,triton-int8-right-skewed,1253.5264110047137,1253.6123123168945,19,7.711991452999428,4592.969313999674,6632.640566499685,6734.360379759892,3.79901123046875,86.63157894736842,51.723617001698585,6246.720697003184,6247.346145629883,55,2948984320,0,193.1988239994098,193.5064926147461,3,0,4,24,2912604160,3147825152,24,49.79258630410576,86.81694875839034,163.2158451047336,178.69484284685768,2350.6317679994027,5670.074599699273,5816.325972990235,right-skewed
