batch_size,cache_blocks_free,cache_blocks_used,cache_contiguous_waste_gb,cache_contiguous_waste_tokens,cache_device_metadata,cache_memory_reduction_pct,cache_paged_allocated_gb,cache_paged_fragmentation_pct,cache_paged_waste_tokens,cache_peak_blocks_used,cache_peak_paged_allocated_gb,cache_used_tokens,chunk_size,comparison,config,decode_cpu_ms,decode_cuda_ms,decode_iterations,duration_s,e2e_ms_max,e2e_ms_p50,e2e_ms_p95,e2e_ms_p99,experiment,gpu_memory_peak_gb,gpu_utilization_mean_pct,metadata_construction_ms,mixed_cpu_ms,mixed_cuda_ms,mixed_iterations,policy,preemptions,prefill_cpu_ms,prefill_cuda_ms,prefill_iterations,profile_name,recomputed_tokens,repeat,requests,scheduler_mode,successful_requests,throughput_tokens_per_s,tpot_ms_p50,tpot_ms_p95,tpot_ms_p99,ttft_ms_max,ttft_ms_p50,ttft_ms_p95,ttft_ms_p99,variant
1,512.0,0.0,3.4993858337402344,131049.0,False,99.9755859375,0.0,0.0,0.0,2.0,0.0008544921875,0.0,1,metadata,metadata-rebuild-16x8-b1-continuous-fcfs,545.9324150033353,546.0271377563477,7,1.3760971850006172,1375.2394219991402,1375.2394219991402,1375.2394219991402,1375.2394219991402,metadata-rebuild-16x8-b1-continuous-fcfs,5.08612060546875,33.333333333333336,3.0426789980992908,0.0,0,0,fcfs,0,825.4487159974815,827.6810874938965,16,16x8,0,0,1,continuous,1,5.813542885778385,78.17187328562015,78.17187328562015,78.17187328562015,828.0363089997991,828.0363089997991,828.0363089997991,828.0363089997991,rebuild
1,512.0,0.0,3.4993858337402344,131049.0,False,99.9755859375,0.0,0.0,0.0,2.0,0.0008544921875,0.0,1,metadata,metadata-rebuild-16x8-b1-continuous-fcfs,348.07857500163664,348.12659072875977,7,1.1301087169995299,1129.5919510012027,1129.5919510012027,1129.5919510012027,1129.5919510012027,metadata-rebuild-16x8-b1-continuous-fcfs,5.09197998046875,38.666666666666664,2.8601409976545256,0.0,0,0,fcfs,0,777.8121100000135,779.9677734375,16,16x8,0,1,1,continuous,1,7.078964952363364,49.903426571420695,49.903426571420695,49.903426571420695,780.2679650012578,780.2679650012578,780.2679650012578,780.2679650012578,rebuild
1,512.0,0.0,3.4993858337402344,131049.0,False,99.9755859375,0.0,0.0,0.0,2.0,0.0008544921875,0.0,1,metadata,metadata-rebuild-16x8-b1-continuous-fcfs,369.98961999779567,370.0856628417969,7,1.1557584080001106,1155.2554729987605,1155.2554729987605,1155.2554729987605,1155.2554729987605,metadata-rebuild-16x8-b1-continuous-fcfs,5.09197998046875,37.166666666666664,3.076807002798887,0.0,0,0,fcfs,0,781.1067739930877,783.3624000549316,16,16x8,0,2,1,continuous,1,6.921861822180431,53.081199428561376,53.081199428561376,53.081199428561376,783.6870769988309,783.6870769988309,783.6870769988309,783.6870769988309,rebuild
1,512.0,0.0,3.4993858337402344,131049.0,False,99.9755859375,0.0,0.0,0.0,2.0,0.0008544921875,0.0,1,metadata,metadata-rebuild-16x8-b1-continuous-fcfs,367.165207004291,367.26988983154297,7,1.1923335769988626,1191.713353000523,1191.713353000523,1191.713353000523,1191.713353000523,metadata-rebuild-16x8-b1-continuous-fcfs,5.09197998046875,35.333333333333336,3.2285789984598523,0.0,0,0,fcfs,0,819.9306270016677,822.7151412963867,16,16x8,0,3,1,continuous,1,6.709531757158284,52.6641815714746,52.6641815714746,52.6641815714746,823.0640820002009,823.0640820002009,823.0640820002009,823.0640820002009,rebuild
1,512.0,0.0,3.4993858337402344,131049.0,False,99.9755859375,0.0,0.0,0.0,2.0,0.0008544921875,0.0,1,metadata,metadata-rebuild-16x8-b1-continuous-fcfs,348.7064150012884,348.7724494934082,7,1.1505001630011975,1149.8907179993694,1149.8907179993694,1149.8907179993694,1149.8907179993694,metadata-rebuild-16x8-b1-continuous-fcfs,5.09197998046875,36.583333333333336,3.040701998543227,0.0,0,0,fcfs,0,797.1123139941483,799.4738922119141,16,16x8,0,4,1,continuous,1,6.95349749376061,50.01049600001092,50.01049600001092,50.01049600001092,799.8172459992929,799.8172459992929,799.8172459992929,799.8172459992929,rebuild
1,512.0,0.0,3.4993858337402344,131049.0,True,99.9755859375,0.0,0.0,0.0,2.0,0.0008544921875,0.0,1,metadata,metadata-cached-16x8-b1-continuous-fcfs,333.901618994787,333.95670318603516,7,1.0954675920002046,1094.8492139996233,1094.8492139996233,1094.8492139996233,1094.8492139996233,metadata-cached-16x8-b1-continuous-fcfs,5.09197998046875,37.72727272727273,2.3164330013969447,0.0,0,0,fcfs,0,757.2858240073401,759.4944648742676,16,16x8,0,0,1,continuous,1,7.302817589877644,47.87135399991322,47.87135399991322,47.87135399991322,759.7497360002308,759.7497360002308,759.7497360002308,759.7497360002308,cached
1,512.0,0.0,3.4993858337402344,131049.0,True,99.9755859375,0.0,0.0,0.0,2.0,0.0008544921875,0.0,1,metadata,metadata-cached-16x8-b1-continuous-fcfs,330.83617199372384,330.89007568359375,7,1.1128896599984728,1112.316964999991,1112.316964999991,1112.316964999991,1112.316964999991,metadata-cached-16x8-b1-continuous-fcfs,5.09197998046875,36.72727272727273,2.287772998897708,0.0,0,0,fcfs,0,777.661693000482,780.0019226074219,16,16x8,0,1,1,continuous,1,7.188493421720692,47.431880714222125,47.431880714222125,47.431880714222125,780.293800000436,780.293800000436,780.293800000436,780.293800000436,cached
1,512.0,0.0,3.4993858337402344,131049.0,True,99.9755859375,0.0,0.0,0.0,2.0,0.0008544921875,0.0,1,metadata,metadata-cached-16x8-b1-continuous-fcfs,332.4306679987785,332.4626884460449,7,1.1036377090003953,1102.980153000317,1102.980153000317,1102.980153000317,1102.980153000317,metadata-cached-16x8-b1-continuous-fcfs,5.09197998046875,36.90909090909091,2.2014580044924514,0.0,0,0,fcfs,0,766.8035019960371,769.0736045837402,16,16x8,0,2,1,continuous,1,7.248755578717848,47.65768042852869,47.65768042852869,47.65768042852869,769.3763900006161,769.3763900006161,769.3763900006161,769.3763900006161,cached
1,512.0,0.0,3.4993858337402344,131049.0,True,99.9755859375,0.0,0.0,0.0,2.0,0.0008544921875,0.0,1,metadata,metadata-cached-16x8-b1-continuous-fcfs,342.39000100569683,342.48512268066406,7,1.107401180001034,1106.657036998513,1106.657036998513,1106.657036998513,1106.657036998513,metadata-cached-16x8-b1-continuous-fcfs,5.09197998046875,36.63636363636363,2.366074000747176,0.0,0,0,fcfs,0,759.8565009975573,762.4548072814941,16,16x8,0,3,1,continuous,1,7.224120891755353,49.115433714177925,49.115433714177925,49.115433714177925,762.8490009992674,762.8490009992674,762.8490009992674,762.8490009992674,cached
1,512.0,0.0,3.4993858337402344,131049.0,True,99.9755859375,0.0,0.0,0.0,2.0,0.0008544921875,0.0,1,metadata,metadata-cached-16x8-b1-continuous-fcfs,338.38335500149697,338.54358291625977,7,1.107295558998885,1106.7264869998326,1106.7264869998326,1106.7264869998326,1106.7264869998326,metadata-cached-16x8-b1-continuous-fcfs,5.09197998046875,36.72727272727273,2.431606995742186,0.0,0,0,fcfs,0,764.0440439990925,766.4685745239258,16,16x8,0,4,1,continuous,1,7.22480997506471,48.56525857134589,48.56525857134589,48.56525857134589,766.7696770004113,766.7696770004113,766.7696770004113,766.7696770004113,cached
1,512.0,0.0,3.4957542419433594,130913.0,True,99.8779296875,0.0,0.0,0.0,10.0,0.0042724609375,0.0,1,prefill,prefill-token-128x32-b1-continuous-fcfs,1547.8951089971815,1548.198398590088,31,8.24828900400098,8247.561041000154,8247.561041000154,8247.561041000154,8247.561041000154,prefill-token-128x32-b1-continuous-fcfs,5.45916748046875,36.8875,16.410533018643036,0.0,0,0,fcfs,0,6673.591200000374,6694.295860290527,128,128x32,0,0,1,continuous,1,3.879592480874255,50.09118174189831,50.09118174189831,50.09118174189831,6694.734407001306,6694.734407001306,6694.734407001306,6694.734407001306,token
1,512.0,0.0,3.4957542419433594,130913.0,True,99.8779296875,0.0,0.0,0.0,10.0,0.0042724609375,0.0,1,prefill,prefill-token-128x32-b1-continuous-fcfs,1760.099713003001,1760.395336151123,31,7.933000551000077,7932.3933359992225,7932.3933359992225,7932.3933359992225,7932.3933359992225,prefill-token-128x32-b1-continuous-fcfs,5.46502685546875,36.8051948051948,16.131028007293935,0.0,0,0,fcfs,0,6144.345213991983,6165.8027420043945,128,128x32,0,1,1,continuous,1,4.0337826518826985,56.96870567742501,56.96870567742501,56.96870567742501,6166.363459999047,6166.363459999047,6166.363459999047,6166.363459999047,token
1,512.0,0.0,3.4957542419433594,130913.0,True,99.8779296875,0.0,0.0,0.0,10.0,0.0042724609375,0.0,1,prefill,prefill-token-128x32-b1-continuous-fcfs,1535.0853239997377,1535.5456199645996,31,7.774954321999758,7774.382933001107,7774.382933001107,7774.382933001107,7774.382933001107,prefill-token-128x32-b1-continuous-fcfs,5.46502685546875,37.532467532467535,16.654416016535833,0.0,0,0,fcfs,0,6207.589817011467,6232.85262298584,128,128x32,0,2,1,continuous,1,4.115779807149972,49.71001412905612,49.71001412905612,49.71001412905612,6233.372495000367,6233.372495000367,6233.372495000367,6233.372495000367,token
1,512.0,0.0,3.4957542419433594,130913.0,True,99.8779296875,0.0,0.0,0.0,10.0,0.0042724609375,0.0,1,prefill,prefill-token-128x32-b1-continuous-fcfs,1474.9311440045858,1475.2118797302246,31,7.990971186000024,7990.467078001529,7990.467078001529,7990.467078001529,7990.467078001529,prefill-token-128x32-b1-continuous-fcfs,5.46502685546875,37.1025641025641,16.933487000642344,0.0,0,0,fcfs,0,6486.419301991191,6510.056125640869,128,128x32,0,3,1,continuous,1,4.004519507724314,47.73865480649786,47.73865480649786,47.73865480649786,6510.568779000096,6510.568779000096,6510.568779000096,6510.568779000096,token
1,512.0,0.0,3.4957542419433594,130913.0,True,99.8779296875,0.0,0.0,0.0,10.0,0.0042724609375,0.0,1,prefill,prefill-token-128x32-b1-continuous-fcfs,1738.4990290047426,1738.8346672058105,31,7.953769243998977,7953.250038000988,7953.250038000988,7953.250038000988,7953.250038000988,prefill-token-128x32-b1-continuous-fcfs,5.46502685546875,36.311688311688314,16.41204299266974,0.0,0,0,fcfs,0,6186.495020994698,6208.894546508789,128,128x32,0,4,1,continuous,1,4.023249734601443,56.255036483860515,56.255036483860515,56.255036483860515,6209.343907001312,6209.343907001312,6209.343907001312,6209.343907001312,token
1,512.0,0.0,3.4957542419433594,130913.0,True,99.8779296875,0.0,0.0,0.0,10.0,0.0042724609375,0.0,16,prefill,prefill-chunk16-128x32-b1-continuous-fcfs,1537.168753997321,1537.3143577575684,31,1.9823404950002441,1981.7461959992215,1981.7461959992215,1981.7461959992215,1981.7461959992215,prefill-chunk16-128x32-b1-continuous-fcfs,5.46502685546875,34.9,6.481821998022497,0.0,0,0,fcfs,0,437.97927100058587,439.1632995605469,8,128x32,0,0,1,continuous,1,16.142534585107217,49.75377129032436,49.75377129032436,49.75377129032436,439.3792859991663,439.3792859991663,439.3792859991663,439.3792859991663,chunk16
1,512.0,0.0,3.4957542419433594,130913.0,True,99.8779296875,0.0,0.0,0.0,10.0,0.0042724609375,0.0,16,prefill,prefill-chunk16-128x32-b1-continuous-fcfs,1478.0337110005348,1478.3107872009277,31,1.8875090180008556,1886.7088240003795,1886.7088240003795,1886.7088240003795,1886.7088240003795,prefill-chunk16-128x32-b1-continuous-fcfs,5.46502685546875,37.26315789473684,6.087538999054232,0.0,0,0,fcfs,0,402.38848199624044,403.5384941101074,8,128x32,0,1,1,continuous,1,16.95356138424844,47.83397509679837,47.83397509679837,47.83397509679837,403.85559599963017,403.85559599963017,403.85559599963017,403.85559599963017,chunk16
1,512.0,0.0,3.4957542419433594,130913.0,True,99.8779296875,0.0,0.0,0.0,10.0,0.0042724609375,0.0,16,prefill,prefill-chunk16-128x32-b1-continuous-fcfs,1483.3763800033921,1483.6135940551758,31,1.8867420940005104,1886.2071149997064,1886.2071149997064,1886.2071149997064,1886.2071149997064,prefill-chunk16-128x32-b1-continuous-fcfs,5.46502685546875,35.78947368421053,6.0637450023932615,0.0,0,0,fcfs,0,396.45511300659564,397.53155517578125,8,128x32,0,2,1,continuous,1,16.960452677530256,48.011136774221086,48.011136774221086,48.011136774221086,397.8618749988527,397.8618749988527,397.8618749988527,397.8618749988527,chunk16
1,512.0,0.0,3.4957542419433594,130913.0,True,99.8779296875,0.0,0.0,0.0,10.0,0.0042724609375,0.0,16,prefill,prefill-chunk16-128x32-b1-continuous-fcfs,1507.9437019994657,1508.2629089355469,31,1.9097194440000749,1909.0296150006907,1909.0296150006907,1909.0296150006907,1909.0296150006907,prefill-chunk16-128x32-b1-continuous-fcfs,5.46502685546875,35.473684210526315,5.86703699627833,0.0,0,0,fcfs,0,394.4140910043643,395.49036026000977,8,128x32,0,3,1,continuous,1,16.756388013190666,48.81394148387405,48.81394148387405,48.81394148387405,395.797429000595,395.797429000595,395.797429000595,395.797429000595,chunk16
1,512.0,0.0,3.4957542419433594,130913.0,True,99.8779296875,0.0,0.0,0.0,10.0,0.0042724609375,0.0,16,prefill,prefill-chunk16-128x32-b1-continuous-fcfs,1600.8011819994863,1601.1158027648926,31,2.041109640000286,2040.6237090010109,2040.6237090010109,2040.6237090010109,2040.6237090010109,prefill-chunk16-128x32-b1-continuous-fcfs,5.46502685546875,33.857142857142854,6.629987003179849,0.0,0,0,fcfs,0,431.51497800135985,432.9238090515137,8,128x32,0,4,1,continuous,1,15.677746737796758,51.85189177421806,51.85189177421806,51.85189177421806,433.215064000251,433.215064000251,433.215064000251,433.215064000251,chunk16
1,512.0,0.0,3.4957542419433594,130913.0,True,99.8779296875,0.0,0.0,0.0,10.0,0.0042724609375,0.0,32,prefill,prefill-chunk32-128x32-b1-continuous-fcfs,1459.7720699948695,1460.0455627441406,31,1.6700950159993226,1669.4004729997687,1669.4004729997687,1669.4004729997687,1669.4004729997687,prefill-chunk32-128x32-b1-continuous-fcfs,5.46502685546875,36.294117647058826,5.872366002222407,0.0,0,0,fcfs,0,203.7898340004176,204.31065368652344,4,128x32,0,0,1,continuous,1,19.160586489656932,47.25417325807352,47.25417325807352,47.25417325807352,204.52110199948947,204.52110199948947,204.52110199948947,204.52110199948947,chunk32
1,512.0,0.0,3.4957542419433594,130913.0,True,99.8779296875,0.0,0.0,0.0,10.0,0.0042724609375,0.0,32,prefill,prefill-chunk32-128x32-b1-continuous-fcfs,1485.1080879980145,1485.253562927246,31,1.70211140200081,1701.587493000261,1701.587493000261,1701.587493000261,1701.587493000261,prefill-chunk32-128x32-b1-continuous-fcfs,5.46502685546875,35.705882352941174,5.626395004583173,0.0,0,0,fcfs,0,210.47929500127793,211.0491828918457,4,128x32,0,1,1,continuous,1,18.800179566616155,48.070786741933965,48.070786741933965,48.070786741933965,211.39310400030809,211.39310400030809,211.39310400030809,211.39310400030809,chunk32
1,512.0,0.0,3.4957542419433594,130913.0,True,99.8779296875,0.0,0.0,0.0,10.0,0.0042724609375,0.0,32,prefill,prefill-chunk32-128x32-b1-continuous-fcfs,1469.0958040046098,1469.3713912963867,31,1.6854367089999869,1684.8836409990327,1684.8836409990327,1684.8836409990327,1684.8836409990327,prefill-chunk32-128x32-b1-continuous-fcfs,5.46502685546875,35.64705882352941,5.981973001325969,0.0,0,0,fcfs,0,209.8312989983242,210.41027450561523,4,128x32,0,2,1,continuous,1,18.986177190234823,47.55100616127874,47.55100616127874,47.55100616127874,210.80244999939168,210.80244999939168,210.80244999939168,210.80244999939168,chunk32
1,512.0,0.0,3.4957542419433594,130913.0,True,99.8779296875,0.0,0.0,0.0,10.0,0.0042724609375,0.0,32,prefill,prefill-chunk32-128x32-b1-continuous-fcfs,1666.4811099999497,1666.7256469726562,31,1.8785339159985597,1878.0112360000203,1878.0112360000203,1878.0112360000203,1878.0112360000203,prefill-chunk32-128x32-b1-continuous-fcfs,5.46502685546875,31.823529411764707,5.770892996224575,0.0,0,0,fcfs,0,205.60846800071886,206.10364532470703,4,128x32,0,3,1,continuous,1,17.03456068983986,53.92225370967701,53.92225370967701,53.92225370967701,206.4213710000331,206.4213710000331,206.4213710000331,206.4213710000331,chunk32
1,512.0,0.0,3.4957542419433594,130913.0,True,99.8779296875,0.0,0.0,0.0,10.0,0.0042724609375,0.0,32,prefill,prefill-chunk32-128x32-b1-continuous-fcfs,1489.479941994432,1489.7047080993652,31,1.6983359850000852,1697.8260270007013,1697.8260270007013,1697.8260270007013,1697.8260270007013,prefill-chunk32-128x32-b1-continuous-fcfs,5.46502685546875,35.705882352941174,5.601799995929468,0.0,0,0,fcfs,0,202.40011900023092,202.88972854614258,4,128x32,0,4,1,continuous,1,18.841972544083138,48.21294470967851,48.21294470967851,48.21294470967851,203.22474100066756,203.22474100066756,203.22474100066756,203.22474100066756,chunk32
1,512.0,0.0,3.4929237365722656,130807.0,True,99.79248046875,0.0,0.0,0.0,17.0,0.00726318359375,0.0,16,batching,batching-static-right-skewed-b1-static-fcfs,5974.338154999714,5975.685775756836,121,8.317803592999553,8111.985855999592,3313.8158299998395,7723.277661299925,8034.244217059658,batching-static-right-skewed-b1-static-fcfs,7.00799560546875,36.48780487804878,27.486803988722386,0.0,0,0,fcfs,0,2314.576010003293,2320.5025634765625,43,right-skewed,0,0,8,static,8,15.508901906336096,49.41344143249837,51.90632310564759,52.076519021173944,7109.289355999863,2800.530026999695,6647.597279700312,7016.950940739953,static
1,512.0,0.0,3.4929237365722656,130807.0,True,99.79248046875,0.0,0.0,0.0,17.0,0.00726318359375,0.0,16,batching,batching-static-right-skewed-b1-static-fcfs,6061.138350994952,6062.0971031188965,121,8.281426485998963,8080.760171998918,3353.3290534996922,7712.026433199661,8007.013424239066,batching-static-right-skewed-b1-static-fcfs,7.01385498046875,36.18518518518518,27.273222001895192,0.0,0,0,fcfs,0,2190.098395998575,2196.22505569458,43,right-skewed,0,1,8,static,8,15.57702652050278,48.90112699999817,55.47012537746649,57.91298880884628,7125.99140599923,2836.589407000247,6662.835959049971,7033.360316609378,static
1,512.0,0.0,3.4929237365722656,130807.0,True,99.79248046875,0.0,0.0,0.0,17.0,0.00726318359375,0.0,16,batching,batching-static-right-skewed-b1-static-fcfs,5946.070860998589,5946.911106109619,121,8.300294547001613,8094.634365999809,3176.2341029998424,7700.898021950069,8015.8870971898605,batching-static-right-skewed-b1-static-fcfs,7.01385498046875,35.77777777777778,27.26455300762609,0.0,0,0,fcfs,0,2324.1823639873473,2329.979202270508,43,right-skewed,0,2,8,static,8,15.54161714015315,48.83559522729477,50.69273813496693,51.05760354694212,7071.657968001091,2659.7538614996665,6603.441758700955,6978.014726141064,static
1,512.0,0.0,3.4929237365722656,130807.0,True,99.79248046875,0.0,0.0,0.0,17.0,0.00726318359375,0.0,16,batching,batching-static-right-skewed-b1-static-fcfs,6055.856002007204,6056.775543212891,121,8.231466728000669,8032.724926999435,3185.339811999256,7590.906751599868,7944.361291919521,batching-static-right-skewed-b1-static-fcfs,7.01385498046875,36.2,27.19227499619592,0.0,0,0,fcfs,0,2146.0883100044157,2152.1284217834473,43,right-skewed,0,3,8,static,8,15.671569145895418,48.646857199329645,55.17747032499301,57.535707264977646,6870.219596999959,2671.515236999767,6410.915244499937,6778.358726499955,static
1,512.0,0.0,3.4929237365722656,130807.0,True,99.79248046875,0.0,0.0,0.0,17.0,0.00726318359375,0.0,16,batching,batching-static-right-skewed-b1-static-fcfs,5939.304546001949,5940.267219543457,121,8.143725914000242,7941.727057001117,3253.1290950000766,7568.9707727507075,7867.175800151035,batching-static-right-skewed-b1-static-fcfs,7.01385498046875,37.03703703703704,27.73799998976756,0.0,0,0,fcfs,0,2173.566823012152,2179.7434043884277,43,right-skewed,0,4,8,static,8,15.840415230359158,49.28371748532942,50.49983934695682,50.83809320270809,6976.875341000778,2736.3309134998417,6509.010097350528,6883.302292270728,static
1,512.0,0.0,3.4929237365722656,130807.0,True,99.79248046875,0.0,0.0,0.0,17.0,0.00726318359375,0.0,16,batching,batching-continuous-right-skewed-b1-continuous-fcfs,5878.88116000795,5879.725482940674,121,8.26758146300017,8072.650103000342,3149.8918570005117,7689.266849950399,7995.973452390353,batching-continuous-right-skewed-b1-continuous-fcfs,7.01385498046875,35.876543209876544,27.281182001388515,0.0,0,0,fcfs,0,2357.6057520022005,2364.1739044189453,43,right-skewed,0,0,8,continuous,8,15.60311205608466,48.180713473343026,50.21189816723724,50.339225374654504,7074.32375999997,2650.470146500993,6617.845119550293,6983.028031910035,continuous
1,512.0,0.0,3.4929237365722656,130807.0,True,99.79248046875,0.0,0.0,0.0,17.0,0.00726318359375,0.0,16,batching,batching-continuous-right-skewed-b1-continuous-fcfs,6070.361790001698,6071.216285705566,121,8.212539202999324,8055.8216130011715,3175.7145420006054,7586.3576670009015,7961.928823801117,batching-continuous-right-skewed-b1-continuous-fcfs,7.01385498046875,36.4875,26.92592699895613,0.0,0,0,fcfs,0,2112.312450995887,2117.7708053588867,43,right-skewed,0,1,8,continuous,8,15.707687575224915,48.742778850041105,56.10763581637558,59.027489043278564,6860.672566001085,2665.317716499885,6382.97650345039,6765.133353490946,continuous
1,512.0,0.0,3.4929237365722656,130807.0,True,99.79248046875,0.0,0.0,0.0,17.0,0.00726318359375,0.0,16,batching,batching-continuous-right-skewed-b1-continuous-fcfs,5824.241491998691,5824.91047668457,121,7.992840885000987,7823.88674700087,3196.9106429996828,7440.0441679502355,7747.118231190743,batching-continuous-right-skewed-b1-continuous-fcfs,7.01385498046875,37.20253164556962,26.95386998493632,0.0,0,0,fcfs,0,2137.5811060061096,2143.7459602355957,43,right-skewed,0,2,8,continuous,8,16.139443016071507,48.62900003972899,49.42169169056236,49.43134277437692,6872.317631999977,2684.1761969999425,6405.185298499599,6778.891165299901,continuous
1,512.0,0.0,3.4929237365722656,130807.0,True,99.79248046875,0.0,0.0,0.0,17.0,0.00726318359375,0.0,16,batching,batching-continuous-right-skewed-b1-continuous-fcfs,5861.521262993847,5862.409248352051,121,8.205043128000398,8004.9769209999795,3188.158487999317,7634.864027850107,7930.954342370004,batching-continuous-right-skewed-b1-continuous-fcfs,7.01385498046875,35.7,26.524960003371234,0.0,0,0,fcfs,0,2312.8037420065084,2318.474208831787,43,right-skewed,0,3,8,continuous,8,15.722038018273992,48.374621121117045,50.5160135636034,50.60049791267646,7046.073338000497,2663.3123639994665,6588.165944350293,6954.491859270456,continuous
1,512.0,0.0,3.4929237365722656,130807.0,True,99.79248046875,0.0,0.0,0.0,17.0,0.00726318359375,0.0,16,batching,batching-continuous-right-skewed-b1-continuous-fcfs,5869.9781599952985,5870.817901611328,121,8.037328406000597,7833.91721299995,3139.2378694999934,7463.990457199633,7759.931861839887,batching-continuous-right-skewed-b1-continuous-fcfs,7.01385498046875,36.5875,26.26599100585736,0.0,0,0,fcfs,0,2137.1436049885233,2143.1364402770996,43,right-skewed,0,4,8,continuous,8,16.050109375111482,48.020046164245805,49.9413698429196,50.223581648561186,6873.752165000042,2636.1024340003496,6399.8094982499415,6778.963631650022,continuous
2,512.0,0.0,6.998771667480469,262098.0,False,99.9755859375,0.0,0.0,0.0,4.0,0.001708984375,0.0,1,metadata,metadata-rebuild-16x8-b2-continuous-fcfs,361.1157209998055,361.13549423217773,7,1.3367788240011578,1336.0938429996168,1336.0740854996038,1336.0918672496155,1336.0934478496165,metadata-rebuild-16x8-b2-continuous-fcfs,7.01385498046875,27.666666666666668,4.0334480017918395,0.0,0,0,fcfs,0,970.5945630012138,973.023006439209,16,16x8,0,0,2,continuous,2,11.969070509442886,51.831360571278694,51.8324118998992,51.83250535133213,973.2824960010475,973.2545615006529,973.2797025510081,973.2819373110397,rebuild
2,512.0,0.0,6.998771667480469,262098.0,False,99.9755859375,0.0,0.0,0.0,4.0,0.001708984375,0.0,1,metadata,metadata-rebuild-16x8-b2-continuous-fcfs,358.6905279989878,358.7620086669922,7,1.1632560220004962,1162.724869000158,1162.6920865001011,1162.7215907501522,1162.7242133501568,metadata-rebuild-16x8-b2-continuous-fcfs,7.01385498046875,36.0,4.12899299772107,0.0,0,0,fcfs,0,799.6100199979992,802.2762870788574,16,16x8,0,1,2,continuous,2,13.754495740743456,51.432330285674,51.432599771461746,51.43262372575399,802.7006530010112,802.6657745003831,802.6971651509484,802.6999554309987,rebuild
2,512.0,0.0,6.998771667480469,262098.0,False,99.9755859375,0.0,0.0,0.0,4.0,0.001708984375,0.0,1,metadata,metadata-rebuild-16x8-b2-continuous-fcfs,342.5017129993648,342.5613136291504,7,1.1460250540003472,1145.351416000267,1145.3228665004644,1145.3485610502867,1145.3508450102709,metadata-rebuild-16x8-b2-continuous-fcfs,7.01385498046875,36.333333333333336,4.015095999420737,0.0,0,0,fcfs,0,798.7532709976222,801.2311706542969,16,16x8,0,2,2,continuous,2,13.961300360886485,49.10519557142834,49.10540231432086,49.10542069146687,801.6166550005437,801.5864975004661,801.6136392505359,801.6160518505421,rebuild
2,512.0,0.0,6.998771667480469,262098.0,False,99.9755859375,0.0,0.0,0.0,4.0,0.001708984375,0.0,1,metadata,metadata-rebuild-16x8-b2-continuous-fcfs,345.22284699960437,345.26313400268555,7,1.1401038939984574,1139.491400001134,1139.4626085002528,1139.488520851046,1139.4908241711164,metadata-rebuild-16x8-b2-continuous-fcfs,7.01385498046875,36.583333333333336,4.017860008389107,0.0,0,0,fcfs,0,790.360201999647,792.638599395752,16,16x8,0,3,2,continuous,2,14.033808746926049,49.48958464293745,49.48978077865312,49.48979821293896,793.0658330005826,793.0355159996907,793.0628013004934,793.0652266605648,rebuild
2,512.0,0.0,6.998771667480469,262098.0,False,99.9755859375,0.0,0.0,0.0,4.0,0.001708984375,0.0,1,metadata,metadata-rebuild-16x8-b2-continuous-fcfs,352.58366699963517,352.64563369750977,7,1.1587865540004714,1158.2688139988022,1158.2433784997193,1158.266270448894,1158.2683052888206,metadata-rebuild-16x8-b2-continuous-fcfs,7.01385498046875,35.75,4.01464899914572,0.0,0,0,fcfs,0,801.8249930009915,804.098560333252,16,16x8,0,4,2,continuous,2,13.80754716626915,50.54377992850537,50.54395227858289,50.54396759858979,804.4636949998676,804.4369190001817,804.461017399899,804.4631594798739,rebuild
2,512.0,0.0,6.998771667480469,262098.0,True,99.9755859375,0.0,0.0,0.0,4.0,0.001708984375,0.0,1,metadata,metadata-cached-16x8-b2-continuous-fcfs,338.26601300097536,338.30886459350586,7,1.1078953409996757,1107.2377480013529,1107.2149145002186,1107.2354646512395,1107.2372913313302,metadata-cached-16x8-b2-continuous-fcfs,7.01385498046875,37.36363636363637,2.664851999725215,0.0,0,0,fcfs,0,765.32706999933,767.5463981628418,16,16x8,0,0,2,continuous,2,14.441797350246897,48.48912371432691,48.48943408563043,48.48946167419074,767.8162960000918,767.7910484999302,767.8137712500757,767.8157910500886,cached
2,512.0,0.0,6.998771667480469,262098.0,True,99.9755859375,0.0,0.0,0.0,4.0,0.001708984375,0.0,1,metadata,metadata-cached-16x8-b2-continuous-fcfs,350.48768100023153,350.591552734375,7,1.147960182001043,1147.3724030001904,1147.3463390002507,1147.3697966001964,1147.3718817201916,metadata-cached-16x8-b2-continuous-fcfs,7.01385498046875,36.5,2.899011000408791,0.0,0,0,fcfs,0,792.4725079974451,794.9905242919922,16,16x8,0,1,2,continuous,2,13.937765656740751,50.289604000032085,50.289855999939654,50.28987839993143,795.3471349992469,795.3191110000262,795.3443325993248,795.3465745192625,cached
2,512.0,0.0,6.998771667480469,262098.0,True,99.9755859375,0.0,0.0,0.0,4.0,0.001708984375,0.0,1,metadata,metadata-cached-16x8-b2-continuous-fcfs,370.6373919994803,370.7158393859863,7,1.177288024000518,1176.8068240016873,1176.7758055011655,1176.8037221516352,1176.806203631677,metadata-cached-16x8-b2-continuous-fcfs,7.01385498046875,36.166666666666664,2.882992996092071,0.0,0,0,fcfs,0,801.3599220066681,804.135555267334,16,16x8,0,2,2,continuous,2,13.590557003740455,53.185344928611556,53.18564070712455,53.18566699854792,804.511710000952,804.4783910008846,804.5083781009453,804.5110436209507,cached
2,512.0,0.0,6.998771667480469,262098.0,True,99.9755859375,0.0,0.0,0.0,4.0,0.001708984375,0.0,1,metadata,metadata-cached-16x8-b2-continuous-fcfs,343.18252299999585,343.2441291809082,7,1.1234263650003413,1122.8237849991274,1122.7986664998753,1122.8212731492022,1122.8232826291423,metadata-cached-16x8-b2-continuous-fcfs,7.01385498046875,37.0,2.588729001217871,0.0,0,0,fcfs,0,775.855950998448,778.0483169555664,16,16x8,0,3,2,continuous,2,14.242143943270495,49.199231714348045,49.19953115725418,49.19955777440139,778.431491999072,778.4040444994389,778.4287472491087,778.4309430490794,cached
2,512.0,0.0,6.998771667480469,262098.0,True,99.9755859375,0.0,0.0,0.0,4.0,0.001708984375,0.0,1,metadata,metadata-cached-16x8-b2-continuous-fcfs,343.3654540003772,343.4207344055176,7,1.139334900999529,1138.7850779992732,1138.7606859998414,1138.78263879933,1138.7845901592846,metadata-cached-16x8-b2-continuous-fcfs,7.01385498046875,36.0,2.682655001990497,0.0,0,0,fcfs,0,791.5431390010781,793.8384704589844,16,16x8,0,4,2,continuous,2,14.043280852682853,49.224023714357045,49.225361885783066,49.225480834354265,794.227319998754,794.192519999342,794.2238399988128,794.2266239987657,cached
2,512.0,0.0,6.991508483886719,261826.0,True,99.8779296875,0.0,0.0,0.0,20.0,0.008544921875,0.0,1,prefill,prefill-token-128x32-b2-continuous-fcfs,1536.6900610042649,1537.0223350524902,31,7.97836414899939,7977.842804000829,7977.817237000636,7977.84024730081,7977.8422926608255,prefill-token-128x32-b2-continuous-fcfs,7.01385498046875,37.666666666666664,19.180219003828824,0.0,0,0,fcfs,0,6413.46109199003,6435.277202606201,128,128x32,0,0,2,continuous,2,8.021694523435182,49.74437512904724,49.74444152579258,49.744447427725504,6435.769461999371,6435.741608000171,6435.766676599451,6435.768904919387,token
2,512.0,0.0,6.991508483886719,261826.0,True,99.8779296875,0.0,0.0,0.0,20.0,0.008544921875,0.0,1,prefill,prefill-token-128x32-b2-continuous-fcfs,1728.7285630027327,1729.0223503112793,31,8.082231168000362,8081.62190800067,8081.589397500466,8081.61865695065,8081.621257790666,prefill-token-128x32-b2-continuous-fcfs,7.01385498046875,36.294871794871796,19.07481598573213,0.0,0,0,fcfs,0,6324.494835012956,6347.142478942871,128,128x32,0,1,2,continuous,2,7.918605477828017,55.93115641937813,55.931222148401794,55.931227990981675,6347.758322999653,6347.723548499744,6347.754845549662,6347.757627509654,token
2,512.0,0.0,6.991508483886719,261826.0,True,99.8779296875,0.0,0.0,0.0,20.0,0.008544921875,0.0,1,prefill,prefill-token-128x32-b2-continuous-fcfs,1513.372495997828,1513.5698890686035,31,7.785431508000329,7784.876858999269,7784.853613999985,7784.87453449934,7784.876394099283,prefill-token-128x32-b2-continuous-fcfs,7.01385498046875,38.103896103896105,19.004836982276174,0.0,0,0,fcfs,0,6244.388893001087,6265.776405334473,128,128x32,0,2,2,continuous,2,8.220482054749752,48.98339059676096,48.98372709516069,48.98375700612955,6266.403341000114,6266.368505500395,6266.399857450142,6266.4026442901195,token
2,512.0,0.0,6.991508483886719,261826.0,True,99.8779296875,0.0,0.0,0.0,20.0,0.008544921875,0.0,1,prefill,prefill-token-128x32-b2-continuous-fcfs,1579.6144290070515,1579.951976776123,31,8.050560591998874,8050.0646399996185,8050.036850499964,8050.061861049653,8050.064084209625,prefill-token-128x32-b2-continuous-fcfs,7.01385498046875,36.833333333333336,19.427896997513017,0.0,0,0,fcfs,0,6440.820257990708,6463.877593994141,128,128x32,0,3,2,continuous,2,7.949756947808952,51.14970870967696,51.149795370935365,51.149803074158335,6464.426654998533,6464.395880499978,6464.423577548678,6464.426039508562,token
2,512.0,0.0,6.991508483886719,261826.0,True,99.8779296875,0.0,0.0,0.0,20.0,0.008544921875,0.0,1,prefill,prefill-token-128x32-b2-continuous-fcfs,1706.8262179964222,1707.1820526123047,31,7.885319847999199,7884.833156000241,7884.795060000215,7884.829346400238,7884.83239408024,prefill-token-128x32-b2-continuous-fcfs,7.01385498046875,37.116883116883116,19.301216994790593,0.0,0,0,fcfs,0,6150.790776000576,6172.173271179199,128,128x32,0,4,2,continuous,2,8.116348002832021,55.22736388710685,55.22742132743588,55.227426433242904,6172.786854000151,6172.746779499903,6172.782846550126,6172.786052510146,token
2,512.0,0.0,6.991508483886719,261826.0,True,99.8779296875,0.0,0.0,0.0,20.0,0.008544921875,0.0,16,prefill,prefill-chunk16-128x32-b2-continuous-fcfs,1588.5023899900261,1588.5884819030762,31,2.0043710509999073,2003.8797949982836,2003.8515619989994,2003.8769716983552,2003.879230338298,prefill-chunk16-128x32-b2-continuous-fcfs,7.01385498046875,35.95,9.506436002993723,0.0,0,0,fcfs,0,408.08332600317954,409.32332611083984,8,128x32,0,0,2,continuous,2,31.930215699370006,51.42743180644057,51.427501396753335,51.42750758255892,409.63180599828775,409.60117599934165,409.62874299839314,409.6311933983088,chunk16
2,512.0,0.0,6.991508483886719,261826.0,True,99.8779296875,0.0,0.0,0.0,20.0,0.008544921875,0.0,16,prefill,prefill-chunk16-128x32-b2-continuous-fcfs,1517.875379000543,1518.0945930480957,31,1.9776523939999606,1977.0311680003942,1976.9922295008655,1977.0272741504414,1977.0303892304037,prefill-chunk16-128x32-b2-continuous-fcfs,7.01385498046875,35.7,9.365937001348357,0.0,0,0,fcfs,0,451.9566700018913,453.5900459289551,8,128x32,0,1,2,continuous,2,32.36160216738335,49.12777295163734,49.127848275833045,49.127854971317106,454.07280099971103,454.03126800010796,454.0686476997507,454.071970339719,chunk16
2,512.0,0.0,6.991508483886719,261826.0,True,99.8779296875,0.0,0.0,0.0,20.0,0.008544921875,0.0,16,prefill,prefill-chunk16-128x32-b2-continuous-fcfs,1489.3063469971821,1489.4724578857422,31,1.9107509729983576,1910.0578729994595,1910.021668999434,1910.054252599457,1910.057148919459,prefill-chunk16-128x32-b2-continuous-fcfs,7.01385498046875,36.89473684210526,8.606794997831457,0.0,0,0,fcfs,0,414.3034989992884,415.468448638916,8,128x32,0,2,2,continuous,2,33.494683977353134,48.19936659676445,48.199433385460935,48.19943932223396,415.879808999307,415.841304499736,415.8759585493499,415.87903890931557,chunk16
2,512.0,0.0,6.991508483886719,261826.0,True,99.8779296875,0.0,0.0,0.0,20.0,0.008544921875,0.0,16,prefill,prefill-chunk16-128x32-b2-continuous-fcfs,1517.4577760044485,1517.5872611999512,31,1.9380942290008534,1937.5077339991549,1937.4784649990033,1937.5048070991397,1937.5071486191518,prefill-chunk16-128x32-b2-continuous-fcfs,7.01385498046875,36.65,8.908399000574718,0.0,0,0,fcfs,0,413.07992799738713,414.31920623779297,8,128x32,0,3,2,continuous,2,33.02213021551277,49.119680790300336,49.11974548866994,49.11975123963613,414.7998579992418,414.7683604996928,414.7967082492869,414.7992280492508,chunk16
2,512.0,0.0,6.991508483886719,261826.0,True,99.8779296875,0.0,0.0,0.0,20.0,0.008544921875,0.0,16,prefill,prefill-chunk16-128x32-b2-continuous-fcfs,1511.754753997593,1512.067283630371,31,1.9332309780002106,1932.5966799988237,1932.5659759997507,1932.5936095989164,1932.5960659188422,prefill-chunk16-128x32-b2-continuous-fcfs,7.01385498046875,36.7,9.133154993833159,0.0,0,0,fcfs,0,413.63642400028766,414.9637107849121,8,128x32,0,4,2,continuous,2,33.1052009451056,48.94517540320052,48.9452380983787,48.94524367128343,415.2984020001895,415.2655385005346,415.29511565022403,415.2977447301964,chunk16
2,512.0,0.0,6.991508483886719,261826.0,True,99.8779296875,0.0,0.0,0.0,20.0,0.008544921875,0.0,32,prefill,prefill-chunk32-128x32-b2-continuous-fcfs,1510.9079749945522,1511.0685729980469,31,1.7402934410001762,1739.6980399989843,1739.6710394996262,1739.6953399490485,1739.6974999889972,prefill-chunk32-128x32-b2-continuous-fcfs,7.40447998046875,35.888888888888886,8.524434000719339,0.0,0,0,fcfs,0,222.58258699912403,223.19881439208984,4,128x32,0,0,2,continuous,2,36.77540723432142,48.909722887078864,48.909799575815875,48.9098063925925,223.49927200048114,223.4696300001815,223.49630780045118,223.49867916047515,chunk32
2,512.0,0.0,6.991508483886719,261826.0,True,99.8779296875,0.0,0.0,0.0,20.0,0.008544921875,0.0,32,prefill,prefill-chunk32-128x32-b2-continuous-fcfs,1583.8556899980176,1584.1585578918457,31,1.8055923259998963,1804.965336999885,1804.928118999669,1804.9616151998634,1804.9645926398807,prefill-chunk32-128x32-b2-continuous-fcfs,7.40447998046875,35.111111111111114,8.736514004340279,0.0,0,0,fcfs,0,214.1915100019105,214.71651077270508,4,128x32,0,1,2,continuous,2,35.44543199393487,51.28465780642493,51.2847449032022,51.284752645137964,215.14394500081835,215.1037270004963,215.13992320078614,215.1431406408119,chunk32
2,512.0,0.0,6.991508483886719,261826.0,True,99.8779296875,0.0,0.0,0.0,20.0,0.008544921875,0.0,32,prefill,prefill-chunk32-128x32-b2-continuous-fcfs,1488.6281249928288,1488.7748527526855,31,1.7111896669994167,1710.6214039995393,1710.5869130000428,1710.6179548995897,1710.6207141795494,prefill-chunk32-128x32-b2-continuous-fcfs,7.40447998046875,36.294117647058826,8.680016992002493,0.0,0,0,fcfs,0,216.31232799882127,216.81792068481445,4,128x32,0,2,2,continuous,2,37.400880354907976,48.17434291937623,48.17442561779312,48.174432968763504,217.2196219999023,217.18228249937965,217.21588804985004,217.21887520989185,chunk32
2,512.0,0.0,6.991508483886719,261826.0,True,99.8779296875,0.0,0.0,0.0,20.0,0.008544921875,0.0,32,prefill,prefill-chunk32-128x32-b2-continuous-fcfs,1494.1906469994137,1494.3770904541016,31,1.8794312509999145,1878.8226100004977,1878.792208500272,1878.819569850475,1878.8220019704931,prefill-chunk32-128x32-b2-continuous-fcfs,7.40447998046875,34.27777777777778,8.370495004783152,0.0,0,0,fcfs,0,378.78820700098004,379.3689880371094,4,128x32,0,3,2,continuous,2,34.052855067696704,48.35733120970901,48.35740932099842,48.35741626422415,379.7480329994869,379.7149409992926,379.74472379946747,379.747371159483,chunk32
2,512.0,0.0,6.991508483886719,261826.0,True,99.8779296875,0.0,0.0,0.0,20.0,0.008544921875,0.0,32,prefill,prefill-chunk32-128x32-b2-continuous-fcfs,1494.5618659967295,1494.7512092590332,31,1.7089496539992979,1708.3778320011334,1708.3492995006964,1708.3749787510897,1708.3772613511246,prefill-chunk32-128x32-b2-continuous-fcfs,7.40447998046875,36.8235294117647,8.408448002228397,0.0,0,0,fcfs,0,208.06780900056765,208.5286407470703,4,128x32,0,4,2,continuous,2,37.44990371730769,48.369656322569014,48.369742228996685,48.369749865123595,208.92144500066934,208.88995350105688,208.9182958507081,208.9208151706771,chunk32
2,512.0,0.0,6.990146636962891,261775.0,True,99.853515625,0.0,0.0,0.0,24.0,0.01025390625,0.0,16,batching,batching-static-right-skewed-b2-static-fcfs,3775.126878012088,3775.689311981201,78,5.351271855999585,5154.239857998618,2271.0138414995527,4778.114655398986,5079.014817478691,batching-static-right-skewed-b2-static-fcfs,7.40447998046875,38.20754716981132,22.600872005568817,656.8345420037076,656.9507827758789,13,fcfs,0,899.4759890028945,901.6135749816895,18,right-skewed,0,0,8,static,8,24.10641871153892,48.754005922198004,49.43982776595658,49.4722404651533,4179.868799999895,1761.7226314996515,3855.876443200031,4115.070328639922,static
2,512.0,0.0,6.990146636962891,261775.0,True,99.853515625,0.0,0.0,0.0,24.0,0.01025390625,0.0,16,batching,batching-static-right-skewed-b2-static-fcfs,3947.3516220023157,3947.5339279174805,78,5.522283763000814,5316.507702000308,2479.4244000004255,4952.711278800234,5243.7484173602925,batching-static-right-skewed-b2-static-fcfs,7.40447998046875,36.54716981132076,21.622225998726208,648.9256340009888,648.9818000793457,13,fcfs,0,907.0069069966848,909.0175590515137,18,right-skewed,0,1,8,static,8,23.359900638264428,49.11707969086737,70.40679815011441,74.20702443018723,4373.527353998725,1785.2807065000889,4051.6913086987183,4309.1601449387235,static
2,512.0,0.0,6.990146636962891,261775.0,True,99.853515625,0.0,0.0,0.0,24.0,0.01025390625,0.0,16,batching,batching-static-right-skewed-b2-static-fcfs,3765.341909997005,3765.8180046081543,78,5.352949770000123,5154.314665000129,2268.8890065001033,4776.063010100006,5078.6643340201035,batching-static-right-skewed-b2-static-fcfs,7.40447998046875,37.886792452830186,22.220471997570712,660.5871419997129,660.7345390319824,13,fcfs,0,906.5133740023157,908.8217315673828,18,right-skewed,0,2,8,static,8,24.098862410957583,48.87579502507963,49.466788261681685,49.57920136146766,4173.209463999228,1755.8588149995558,3851.825304049816,4108.932632009346,static
2,512.0,0.0,6.990146636962891,261775.0,True,99.853515625,0.0,0.0,0.0,24.0,0.01025390625,0.0,16,batching,batching-static-right-skewed-b2-static-fcfs,3793.9603729955707,3794.3171310424805,78,5.571053495999877,5411.153151999315,2314.0820745011297,5022.545496899602,5333.4316209793715,batching-static-right-skewed-b2-static-fcfs,7.40447998046875,36.25925925925926,21.879768999497173,657.847963999302,657.9332847595215,13,fcfs,0,1099.8271279986511,1101.9515228271484,18,right-skewed,0,3,8,static,8,23.15540500421051,48.27868870269015,50.61055402490153,51.214725560548324,4449.7067960001,1812.158890000319,4111.551890449846,4382.0758148900495,static
2,512.0,0.0,6.990146636962891,261775.0,True,99.853515625,0.0,0.0,0.0,24.0,0.01025390625,0.0,16,batching,batching-static-right-skewed-b2-static-fcfs,3767.0699560057983,3767.682849884033,78,5.34810519200073,5146.345379000195,2256.7944064994663,4773.477673300476,5071.77183786025,batching-static-right-skewed-b2-static-fcfs,7.40447998046875,37.77358490566038,22.26014100233442,648.7445439979638,648.8507499694824,13,fcfs,0,913.18254700127,915.2532157897949,18,right-skewed,0,4,8,static,8,24.120692351554325,48.41044172953016,49.63261616834343,49.633179585645244,4179.76606800039,1749.5125904997622,3849.8948371504407,4113.7918218304,static
2,512.0,0.0,6.990467071533203,261787.0,True,99.859619140625,0.0,0.0,0.0,23.0,0.00982666015625,0.0,16,batching,batching-continuous-right-skewed-b2-continuous-fcfs,2478.1273280041205,2478.4706840515137,47,4.563102953001362,4357.87767399961,1846.4382374995694,4225.75398439958,4331.452936079604,batching-continuous-right-skewed-b2-continuous-fcfs,7.40447998046875,37.25,20.480842009419575,1814.8555210027553,1815.0466575622559,36,fcfs,0,253.08518500060018,253.69283294677734,5,right-skewed,0,0,8,continuous,8,28.2702365755633,49.756249058774955,57.64566959248805,57.906762438483206,3198.4369609999703,1316.224317499291,2973.02136044982,3153.3538408899403,continuous
2,512.0,0.0,6.990467071533203,261787.0,True,99.859619140625,0.0,0.0,0.0,23.0,0.00982666015625,0.0,16,batching,batching-continuous-right-skewed-b2-continuous-fcfs,2236.0780320032063,2236.187271118164,47,4.31144296399907,4154.1786340003455,1831.4229410007101,4007.5605014998473,4124.855007500246,batching-continuous-right-skewed-b2-continuous-fcfs,7.40447998046875,38.58139534883721,20.24075499684841,1799.7369329950743,1799.6903266906738,36,fcfs,0,259.5873450027284,260.1235542297363,5,right-skewed,0,1,8,continuous,8,29.920377255865702,48.642810213927476,50.01276524998112,50.368297849987094,3208.220235999761,1306.0666980009046,2971.953492349621,3160.966887269733,continuous
2,512.0,0.0,6.990467071533203,261787.0,True,99.859619140625,0.0,0.0,0.0,23.0,0.00982666015625,0.0,16,batching,batching-continuous-right-skewed-b2-continuous-fcfs,2312.0042589998775,2312.364776611328,47,4.428194533000351,4224.804690999008,1830.5299500007095,4092.3625895997247,4198.316270719151,batching-continuous-right-skewed-b2-continuous-fcfs,7.40447998046875,38.11363636363637,20.880131007288583,1847.911219994785,1848.2021141052246,36,fcfs,0,250.80104599874176,251.31961822509766,5,right-skewed,0,2,8,continuous,8,29.131511508505305,49.33893621390679,51.92622966846024,51.98417319087961,3233.737917998951,1297.5333115009562,2994.9916553498038,3185.9886654691218,continuous
2,512.0,0.0,6.990467071533203,261787.0,True,99.859619140625,0.0,0.0,0.0,23.0,0.00982666015625,0.0,16,batching,batching-continuous-right-skewed-b2-continuous-fcfs,2436.0399059987685,2436.3772773742676,47,4.5247352450005565,4369.543245999012,1840.7941834993835,4221.375603299202,4339.90971745905,batching-continuous-right-skewed-b2-continuous-fcfs,7.40447998046875,37.22727272727273,20.05152099991392,1816.9251030049054,1817.0712661743164,36,fcfs,0,255.41338400216773,255.97635650634766,5,right-skewed,0,3,8,continuous,8,28.509955392977723,49.41543819467216,58.72874645372704,59.97241484364952,3420.2276010000787,1309.8241730003792,3115.7059167500843,3359.32326415008,continuous
2,512.0,0.0,6.990467071533203,261787.0,True,99.859619140625,0.0,0.0,0.0,23.0,0.00982666015625,0.0,16,batching,batching-continuous-right-skewed-b2-continuous-fcfs,2230.7276699975773,2230.9339904785156,47,4.2575742450007965,4057.930565000788,1791.9522415004394,3926.644971400947,4031.6734462808195,batching-continuous-right-skewed-b2-continuous-fcfs,7.40447998046875,38.92857142857143,20.288858006097144,1762.9047559930768,1763.0010871887207,36,fcfs,0,247.79649599804543,248.26966094970703,5,right-skewed,0,4,8,continuous,8,30.298943148547693,48.03504847780762,48.70458625996579,48.907519937762146,3098.403497000618,1282.0761319999292,2881.74941075049,3055.072679750592,continuous
4,512.0,0.0,13.997543334960938,524196.0,False,99.9755859375,0.0,0.0,0.0,8.0,0.00341796875,0.0,1,metadata,metadata-rebuild-16x8-b4-continuous-fcfs,368.2138629974361,368.3022994995117,7,1.186215566998726,1185.674905000269,1185.6127070004732,1185.6670048003252,1185.6733249602803,metadata-rebuild-16x8-b4-continuous-fcfs,7.40447998046875,28.916666666666668,6.202918006238178,0.0,0,0,fcfs,0,812.8452339969954,815.4689636230469,16,16x8,0,0,4,continuous,4,26.976547003985125,52.83144764299712,52.832131414301585,52.83218788285272,815.860798000358,815.7925734994933,815.8522918002745,815.8590967603413,rebuild
4,512.0,0.0,13.997543334960938,524196.0,False,99.9755859375,0.0,0.0,0.0,8.0,0.00341796875,0.0,1,metadata,metadata-rebuild-16x8-b4-continuous-fcfs,345.8961010001076,345.9684181213379,7,1.1729530000011437,1172.4060559990903,1172.3457309999503,1172.3977188493336,1172.404388569139,metadata-rebuild-16x8-b4-continuous-fcfs,7.40447998046875,33.0,5.841474996486795,0.0,0,0,fcfs,0,822.2476180017111,824.734302520752,16,16x8,0,1,4,continuous,4,27.28157053178499,49.59957957141471,49.600223685826805,49.60027148013718,825.2154999991035,825.1486740000473,825.2065085493086,825.2137017091445,rebuild
4,512.0,0.0,13.997543334960938,524196.0,False,99.9755859375,0.0,0.0,0.0,8.0,0.00341796875,0.0,1,metadata,metadata-rebuild-16x8-b4-continuous-fcfs,345.7939530017029,345.8483200073242,7,1.1443249140011176,1143.7294669995026,1143.629396000506,1143.7155232994883,1143.7266782594997,metadata-rebuild-16x8-b4-continuous-fcfs,7.40447998046875,34.833333333333336,5.71770999704313,0.0,0,0,fcfs,0,794.0239730032772,796.2696342468262,16,16x8,0,2,4,continuous,4,27.964085731658507,49.566010071430355,49.56661483557971,49.566662852690314,796.7734710000514,796.6673255004935,796.7588940000496,796.770555600051,rebuild
4,512.0,0.0,13.997543334960938,524196.0,False,99.9755859375,0.0,0.0,0.0,8.0,0.00341796875,0.0,1,metadata,metadata-rebuild-16x8-b4-continuous-fcfs,354.6514039990143,354.7382698059082,7,1.1539144859998487,1153.2543539997278,1153.1959295007255,1153.2457325997711,1153.2526297197364,metadata-rebuild-16x8-b4-continuous-fcfs,7.40447998046875,35.666666666666664,5.607933999272063,0.0,0,0,fcfs,0,794.531964998896,796.9349746704102,16,16x8,0,3,4,continuous,4,27.731691029316185,50.83558378581594,50.83687449284428,50.83693615568077,797.4157919998106,797.3468430000139,797.4064885497683,797.4139313098021,rebuild
4,512.0,0.0,13.997543334960938,524196.0,False,99.9755859375,0.0,0.0,0.0,8.0,0.00341796875,0.0,1,metadata,metadata-rebuild-16x8-b4-continuous-fcfs,347.0975259988336,347.1982727050781,7,1.1543263900002785,1153.7604140012263,1153.7191874995187,1153.7549687008323,1153.7593249411475,metadata-rebuild-16x8-b4-continuous-fcfs,7.40447998046875,35.666666666666664,5.5823249986133305,0.0,0,0,fcfs,0,802.4792509986582,804.8248252868652,16,16x8,0,4,4,continuous,4,27.721795392715816,49.77347907138859,49.774301192883286,49.77436926715849,805.3699060001236,805.3048339997986,805.3612408000845,805.3681729601158,rebuild
4,512.0,0.0,13.997543334960938,524196.0,True,99.9755859375,0.0,0.0,0.0,8.0,0.00341796875,0.0,1,metadata,metadata-cached-16x8-b4-continuous-fcfs,339.4823720009299,339.52294158935547,7,1.116081980000672,1115.4445600004692,1115.3679199996986,1115.4337892502554,1115.4424058504264,metadata-cached-16x8-b4-continuous-fcfs,7.40447998046875,36.72727272727273,3.498128999126493,0.0,0,0,fcfs,0,772.0678979949298,774.3250541687012,16,16x8,0,0,4,continuous,4,28.671728935163642,48.67731492842202,48.67788940719037,48.67794016722265,774.7063250008068,774.623730500025,774.6948831507325,774.704036630792,cached
4,512.0,0.0,13.997543334960938,524196.0,True,99.9755859375,0.0,0.0,0.0,8.0,0.00341796875,0.0,1,metadata,metadata-cached-16x8-b4-continuous-fcfs,345.6715280008211,345.73110580444336,7,1.3125722009990568,1311.9469440007379,1311.881526500656,1311.937974450575,1311.9451500907053,metadata-cached-16x8-b4-continuous-fcfs,7.40447998046875,30.583333333333332,3.6073750070499955,0.0,0,0,fcfs,0,962.0263100005104,964.4841575622559,16,16x8,0,1,4,continuous,4,24.37961125158935,49.56675900003964,49.56740543570309,49.567465658523616,964.9852420006937,964.9142135003785,964.9756616507148,964.9833259306979,cached
4,512.0,0.0,13.997543334960938,524196.0,True,99.9755859375,0.0,0.0,0.0,8.0,0.00341796875,0.0,1,metadata,metadata-cached-16x8-b4-continuous-fcfs,348.09648700138496,348.13510513305664,7,1.1310075519995735,1130.4917499983276,1130.4279829992083,1130.4828452485708,1130.4899690483762,metadata-cached-16x8-b4-continuous-fcfs,7.40447998046875,36.166666666666664,3.619768996941275,0.0,0,0,fcfs,0,778.3163750009408,780.6317176818848,16,16x8,0,2,4,continuous,4,28.293356612363333,49.91769471442759,49.91801888567612,49.91803623421999,781.0739109991118,781.0036139990189,781.0643139991043,781.0719915991103,cached
4,512.0,0.0,13.997543334960938,524196.0,True,99.9755859375,0.0,0.0,0.0,8.0,0.00341796875,0.0,1,metadata,metadata-cached-16x8-b4-continuous-fcfs,333.05678899705526,333.1281280517578,7,1.1182007570005226,1116.7685330001405,1116.712233000726,1116.7607784502252,1116.7669820901574,metadata-cached-16x8-b4-continuous-fcfs,7.40447998046875,36.0,3.633839000031003,0.0,0,0,fcfs,0,779.6350519965927,781.989501953125,16,16x8,0,3,4,continuous,4,28.61740148149895,47.75320092851741,47.75410829283179,47.75418908711279,782.5040990010166,782.4398265011041,782.4955004010917,782.5023792810316,cached
4,512.0,0.0,13.997543334960938,524196.0,True,99.9755859375,0.0,0.0,0.0,8.0,0.00341796875,0.0,1,metadata,metadata-cached-16x8-b4-continuous-fcfs,343.65158199943835,343.70153427124023,7,1.1506940730014321,1150.1235349987837,1150.0150955007484,1150.1087841490516,1150.1205848288373,metadata-cached-16x8-b4-continuous-fcfs,7.40447998046875,34.666666666666664,3.7363709907367593,0.0,0,0,fcfs,0,801.3961069973448,804.3772735595703,16,16x8,0,4,4,continuous,4,27.809302881462024,49.29653192864082,49.29726001438602,49.2973249172584,805.0536989994725,804.9393720002627,805.0383467994834,805.0506285594747,cached
4,512.0,0.0,13.983016967773438,523652.0,True,99.8779296875,0.0,0.0,0.0,40.0,0.01708984375,0.0,1,prefill,prefill-token-128x32-b4-continuous-fcfs,1705.8564009967085,1706.0914840698242,31,7.902859104000527,7902.2759509989555,7902.216980499361,7902.267986748939,7902.274358148952,prefill-token-128x32-b4-continuous-fcfs,7.40447998046875,37.714285714285715,24.591777013483807,0.0,0,0,fcfs,0,6170.427968016156,6190.838863372803,128,128x32,0,0,4,continuous,4,16.196669878019815,55.18751830641122,55.18770007899929,55.18771531900183,6191.470096999183,6191.403913000613,6191.4613939992705,6191.4683563992,token
4,512.0,0.0,13.983016967773438,523652.0,True,99.8779296875,0.0,0.0,0.0,40.0,0.01708984375,0.0,1,prefill,prefill-token-128x32-b4-continuous-fcfs,1481.4289350088075,1481.6464881896973,31,7.764149151998936,7763.628753999001,7763.560341500124,7763.619369249409,7763.626877049082,prefill-token-128x32-b4-continuous-fcfs,7.40447998046875,38.103896103896105,24.952206997113535,0.0,0,0,fcfs,0,6254.962950995832,6276.631587982178,128,128x32,0,1,4,continuous,4,16.486030535238427,47.94529462903865,47.945457066118486,47.94546950354186,6277.333488000295,6277.256207999926,6277.323118800268,6277.33141416029,token
4,512.0,0.0,13.983016967773438,523652.0,True,99.8779296875,0.0,0.0,0.0,40.0,0.01708984375,0.0,1,prefill,prefill-token-128x32-b4-continuous-fcfs,1535.9342660030961,1536.271842956543,31,7.954500047999318,7953.844354000466,7953.773757000818,7953.834443500637,7953.8423719005,prefill-token-128x32-b4-continuous-fcfs,7.40447998046875,36.35897435897436,24.633517998154275,0.0,0,0,fcfs,0,6390.541111994025,6411.086513519287,128,128x32,0,2,4,continuous,4,16.09152042587441,49.74466812904387,49.744899843552695,49.74492012355474,6411.767255000086,6411.689045000458,6411.756612050158,6411.7651264101005,token
4,512.0,0.0,13.983016967773438,523652.0,True,99.8779296875,0.0,0.0,0.0,40.0,0.01708984375,0.0,1,prefill,prefill-token-128x32-b4-continuous-fcfs,1475.7298279946554,1475.9807624816895,31,7.674574667000343,7673.983432001478,7673.920994499895,7673.9747599011025,7673.981697581403,prefill-token-128x32-b4-continuous-fcfs,7.40447998046875,37.526315789473685,24.106852992190397,0.0,0,0,fcfs,0,6172.215262993632,6192.627048492432,128,128x32,0,3,4,continuous,4,16.678448715911657,47.764687919352,47.764872517766506,47.76488843905921,6193.2855600007315,6193.215668999983,6193.2761038505305,6193.283668770691,token
4,512.0,0.0,13.983016967773438,523652.0,True,99.8779296875,0.0,0.0,0.0,40.0,0.01708984375,0.0,1,prefill,prefill-token-128x32-b4-continuous-fcfs,1492.225429001337,1492.43754196167,31,7.919444790999478,7918.762278000941,7918.695412999114,7918.753020000622,7918.760426400877,prefill-token-128x32-b4-continuous-fcfs,7.40447998046875,36.52564102564103,25.01360901260341,0.0,0,0,fcfs,0,6399.270590985907,6421.047500610352,128,128x32,0,4,4,continuous,4,16.162749205029268,48.29202619352615,48.29219445969542,48.2922095758283,6421.71614200015,6421.642600999803,6421.706167150114,6421.714147030143,token
4,512.0,0.0,13.983016967773438,523652.0,True,99.8779296875,0.0,0.0,0.0,40.0,0.01708984375,0.0,16,prefill,prefill-chunk16-128x32-b4-continuous-fcfs,1505.7209840069845,1505.8651504516602,31,1.9397200729999895,1939.0517259998887,1939.003786000285,1939.0452330999324,1939.0504274198975,prefill-chunk16-128x32-b4-continuous-fcfs,7.87322998046875,36.6,14.170039999953588,0.0,0,0,fcfs,0,426.57853799937584,427.9453811645508,8,128x32,0,0,4,continuous,4,65.98890313179777,48.734678306455834,48.73487529674739,48.73489307222635,428.28501499934646,428.2287585001541,428.2776051494693,428.28353302937103,chunk16
4,512.0,0.0,13.983016967773438,523652.0,True,99.8779296875,0.0,0.0,0.0,40.0,0.01708984375,0.0,16,prefill,prefill-chunk16-128x32-b4-continuous-fcfs,1493.8221060001524,1494.0188446044922,31,1.9199563399997714,1919.3923650000215,1919.3173420007952,1919.3820354001218,1919.3902990800416,prefill-chunk16-128x32-b4-continuous-fcfs,7.87322998046875,38.94736842105263,13.975553996715462,0.0,0,0,fcfs,0,418.8124179981969,420.16172790527344,8,128x32,0,1,4,continuous,4,66.66818267337018,48.34620548389202,48.34643571938936,48.34645406004124,420.66985099882004,420.58497200014244,420.65850949884407,420.66758269882484,chunk16
4,512.0,0.0,13.983016967773438,523652.0,True,99.8779296875,0.0,0.0,0.0,40.0,0.01708984375,0.0,16,prefill,prefill-chunk16-128x32-b4-continuous-fcfs,1530.709806997038,1530.9260444641113,31,1.9734327149999444,1972.8460520000226,1972.789885999191,1972.8383079498599,1972.84450318999,prefill-chunk16-128x32-b4-continuous-fcfs,7.87322998046875,37.9,16.002017004211666,0.0,0,0,fcfs,0,434.74060900371114,435.97840118408203,8,128x32,0,2,4,continuous,4,64.86159828357948,49.56245235482657,49.562636741953725,49.562653309696486,436.4175310001883,436.35386299956735,436.40897335017144,436.41581947018494,chunk16
4,512.0,0.0,13.983016967773438,523652.0,True,99.8779296875,0.0,0.0,0.0,40.0,0.01708984375,0.0,16,prefill,prefill-chunk16-128x32-b4-continuous-fcfs,1696.498506998978,1696.807388305664,31,2.1279465870011336,2127.383581000686,2127.3185300005935,2127.3747311507577,2127.3818110307,prefill-chunk16-128x32-b4-continuous-fcfs,7.87322998046875,34.9,14.567431999239489,0.0,0,0,fcfs,0,423.2853529993008,424.5055351257324,8,128x32,0,3,4,continuous,4,60.15188575780348,54.91203577419642,54.91222582742862,54.912241733237614,425.1197410012537,425.0454210005046,425.1098606511732,425.1177649312376,chunk16
4,512.0,0.0,13.983016967773438,523652.0,True,99.8779296875,0.0,0.0,0.0,40.0,0.01708984375,0.0,16,prefill,prefill-chunk16-128x32-b4-continuous-fcfs,1493.0307859976892,1493.248706817627,31,1.9223405250013457,1921.7130649994942,1921.6471710005862,1921.7041993996645,1921.7112918795283,prefill-chunk16-128x32-b4-continuous-fcfs,7.87322998046875,38.68421052631579,14.320704996862332,0.0,0,0,fcfs,0,421.700538998266,423.0046081542969,8,128x32,0,4,4,continuous,4,66.58549738471044,48.32997819354909,48.330159922607564,48.33017740390313,423.4918040001503,423.4178470005645,423.48199820016816,423.48984284015387,chunk16
4,512.0,0.0,13.983016967773438,523652.0,True,99.8779296875,0.0,0.0,0.0,40.0,0.01708984375,0.0,32,prefill,prefill-chunk32-128x32-b4-continuous-fcfs,1487.1457959943655,1487.3449592590332,31,1.7180798709996452,1717.3992169991834,1717.3395274994618,1717.3919400491286,1717.3977616091724,prefill-chunk32-128x32-b4-continuous-fcfs,7.98651123046875,39.411764705882355,13.93112400364771,0.0,0,0,fcfs,0,224.47435699905327,225.0022087097168,4,128x32,0,0,4,continuous,4,74.50177501091649,48.12996280645987,48.130140445139276,48.13015425674694,225.38257699852693,225.31068049920577,225.37384009856396,225.38082961853434,chunk32
4,512.0,0.0,13.983016967773438,523652.0,True,99.8779296875,0.0,0.0,0.0,40.0,0.01708984375,0.0,32,prefill,prefill-chunk32-128x32-b4-continuous-fcfs,1484.4273830058228,1484.6174507141113,31,1.7076638340004138,1707.0941040001344,1707.033750500159,1707.0859099500922,1707.092465190126,prefill-chunk32-128x32-b4-continuous-fcfs,7.98651123046875,39.23529411764706,14.227186000425718,0.0,0,0,fcfs,0,216.60864800287527,217.10511779785156,4,128x32,0,1,4,continuous,4,74.95620475848818,48.048845016138884,48.049055880610766,48.04907499544096,217.59255300094082,217.51955499985343,217.5828132008064,217.59060504091394,chunk32
4,512.0,0.0,13.983016967773438,523652.0,True,99.8779296875,0.0,0.0,0.0,40.0,0.01708984375,0.0,32,prefill,prefill-chunk32-128x32-b4-continuous-fcfs,1488.5341369990783,1488.711109161377,31,1.7124258879994159,1711.7590719990403,1711.6980395003338,1711.7506184491504,1711.7573812890623,prefill-chunk32-128x32-b4-continuous-fcfs,7.98651123046875,39.11764705882353,13.944547001301544,0.0,0,0,fcfs,0,217.23970199855103,217.78594970703125,4,128x32,0,2,4,continuous,4,74.74776041229975,48.17858633874317,48.178770496812625,48.178786615520835,218.2313189987326,218.1618629992954,218.22192734880446,218.22944066874697,chunk32
4,512.0,0.0,13.983016967773438,523652.0,True,99.8779296875,0.0,0.0,0.0,40.0,0.01708984375,0.0,32,prefill,prefill-chunk32-128x32-b4-continuous-fcfs,1541.117040993413,1541.4155464172363,31,1.7796510019998095,1779.0136590010661,1778.9429475005818,1779.003962250954,1779.0117196510437,prefill-chunk32-128x32-b4-continuous-fcfs,7.98651123046875,37.666666666666664,14.724728995133773,0.0,0,0,fcfs,0,231.0121029986476,231.55289459228516,4,128x32,0,3,4,continuous,4,71.92421427356558,49.903603548397854,49.90378433872871,49.90380009356628,232.00830499990843,231.93123750024824,231.99797659999604,232.00623931992595,chunk32
4,512.0,0.0,13.983016967773438,523652.0,True,99.8779296875,0.0,0.0,0.0,40.0,0.01708984375,0.0,32,prefill,prefill-chunk32-128x32-b4-continuous-fcfs,1520.7094070028688,1520.962329864502,31,1.7451680220001435,1744.5902680010477,1744.52425850086,1744.5810704511132,1744.5884284910608,prefill-chunk32-128x32-b4-continuous-fcfs,7.98651123046875,38.333333333333336,13.877156998205464,0.0,0,0,fcfs,0,217.72881500146468,218.18918228149414,4,128x32,0,4,4,continuous,4,73.34537327431586,49.2241482742165,49.22435540803792,49.22437247512496,218.65268400142668,218.57566200014844,218.6422356014191,218.65059432142516,chunk32
4,512.0,0.0,13.987342834472656,523814.0,True,99.90234375,0.0,0.0,0.0,32.0,0.013671875,0.0,16,batching,batching-static-right-skewed-b4-static-fcfs,3706.675556000846,3707.1009407043457,73,5.55151423299867,5347.316367000531,3160.660432500663,5138.535187250636,5305.560131050552,batching-static-right-skewed-b4-static-fcfs,8.71893310546875,37.53703703703704,29.132732001016848,1243.7747530038905,1243.8222045898438,24,fcfs,0,582.0603519987344,583.2797546386719,11,right-skewed,0,0,12,static,12,40.88974475660943,50.117143979142995,71.76883071817487,74.48734980066274,4132.999428000403,2076.692288501363,3921.755087550355,4090.7505599103933,static
4,512.0,0.0,13.987342834472656,523814.0,True,99.90234375,0.0,0.0,0.0,32.0,0.013671875,0.0,16,batching,batching-static-right-skewed-b4-static-fcfs,3576.982403983493,3577.4116706848145,73,5.408442637000917,5205.610426999556,3024.841166000442,4994.272391299182,5163.342819859481,batching-static-right-skewed-b4-static-fcfs,8.72088623046875,38.148148148148145,29.382558997895103,1234.7916189974057,1234.8842582702637,24,fcfs,0,576.7111900004238,578.2053718566895,11,right-skewed,0,1,12,static,12,41.97141677107179,49.65581864284075,50.72977550109623,50.75429939105867,3986.3680790003855,1912.2242025005107,3791.400755900031,3947.3746143803146,static
4,512.0,0.0,13.987342834472656,523814.0,True,99.90234375,0.0,0.0,0.0,32.0,0.013671875,0.0,16,batching,batching-static-right-skewed-b4-static-fcfs,3704.8447110046254,3705.4621505737305,73,5.48710561200096,5284.2630420000205,3128.3125890004158,5070.983408949451,5241.6071153899065,batching-static-right-skewed-b4-static-fcfs,8.72088623046875,37.716981132075475,29.087581002386287,1198.8884309976129,1198.9254455566406,24,fcfs,0,563.3655829988129,564.6531562805176,11,right-skewed,0,2,12,static,12,41.36971584864773,49.19164067266159,70.79047133409202,73.22527369534833,4066.2921699986327,2045.8143204996304,3874.566972599223,4027.947130518751,static
4,512.0,0.0,13.987342834472656,523814.0,True,99.90234375,0.0,0.0,0.0,32.0,0.013671875,0.0,16,batching,batching-static-right-skewed-b4-static-fcfs,3557.070899010796,3557.1813430786133,73,5.411834376000115,5204.217298000003,2994.762323500254,4994.088498349902,5162.191538069983,batching-static-right-skewed-b4-static-fcfs,8.72088623046875,37.72222222222222,28.99647400045069,1251.8340819988225,1251.8263969421387,24,fcfs,0,582.7257309993001,583.989372253418,11,right-skewed,0,3,12,static,12,41.94511217983275,49.809176644325845,50.73885294751042,50.77887778953343,3992.7801089997956,1880.6515924998166,3786.741678600356,3951.5724229199077,static
4,512.0,0.0,13.987342834472656,523814.0,True,99.90234375,0.0,0.0,0.0,32.0,0.013671875,0.0,16,batching,batching-static-right-skewed-b4-static-fcfs,3712.868246002472,3713.4107780456543,73,5.51316696199865,5310.433843000283,3079.949269500503,5106.777226650138,5269.702519730254,batching-static-right-skewed-b4-static-fcfs,8.72088623046875,36.925925925925924,29.042067002592376,1215.7429320068331,1215.8727989196777,24,fcfs,0,565.026324995415,566.2615089416504,11,right-skewed,0,4,12,static,12,41.17415662625013,49.371182865162694,59.519359152446384,60.610314042254174,4129.859392000071,1876.9372520000616,3937.5840230003632,4091.4043182001296,static
4,512.0,0.0,13.987049102783203,523803.0,True,99.90234375,0.0,0.0,0.0,32.0,0.013671875,0.0,16,batching,batching-continuous-right-skewed-b4-continuous-fcfs,1976.8528639961005,1976.9911003112793,40,4.276131901000554,4073.560983000789,2138.822084500134,3772.0889566505316,4013.266577730738,batching-continuous-right-skewed-b4-continuous-fcfs,9.06463623046875,38.7906976744186,27.439772995421663,2133.4615990017483,2133.39208984375,41,fcfs,0,149.08363700124028,149.40192031860352,3,right-skewed,0,0,12,continuous,12,53.085359679126185,50.3301376367584,52.5555434841971,52.6047979301369,2819.6570300005988,1003.8922860003368,2601.397468700634,2776.0051177406062,continuous
4,512.0,0.0,13.987049102783203,523803.0,True,99.90234375,0.0,0.0,0.0,32.0,0.013671875,0.0,16,batching,batching-continuous-right-skewed-b4-continuous-fcfs,1974.133448997236,1974.4206428527832,40,4.2526193680005235,4043.9917570001853,2185.487932501019,3748.1508220503197,3984.8235700102127,batching-continuous-right-skewed-b4-continuous-fcfs,9.06658935546875,38.80952380952381,27.52888499344408,2109.7498789986275,2109.775535583496,41,fcfs,0,151.8627289988217,152.2157440185547,3,right-skewed,0,1,12,continuous,12,53.37886614261689,50.41577299460518,51.53105854768953,51.67181182388525,2800.6407859993487,1053.3963255002163,2602.7967780995823,2761.071984419396,continuous
4,512.0,0.0,13.987049102783203,523803.0,True,99.90234375,0.0,0.0,0.0,32.0,0.013671875,0.0,16,batching,batching-continuous-right-skewed-b4-continuous-fcfs,2121.476676000384,2121.639450073242,40,4.443419568000536,4221.208086999468,2395.9602230006567,3934.8469108001154,4163.935851759597,batching-continuous-right-skewed-b4-continuous-fcfs,9.06658935546875,37.348837209302324,27.93327098879672,2139.9252350020106,2140.01411819458,41,fcfs,0,165.09597899857908,165.48441696166992,3,right-skewed,0,2,12,continuous,12,51.0867804685269,51.876795282487954,60.24905609559108,60.9540070779207,3028.598023000086,1076.112892999845,2821.997233550428,2987.277865110155,continuous
4,512.0,0.0,13.987049102783203,523803.0,True,99.90234375,0.0,0.0,0.0,32.0,0.013671875,0.0,16,batching,batching-continuous-right-skewed-b4-continuous-fcfs,1944.591268997101,1944.831298828125,40,4.231962122001278,4026.7203700004757,2196.6257304993633,3739.138446250035,3969.203985250388,batching-continuous-right-skewed-b4-continuous-fcfs,9.06658935546875,39.333333333333336,27.73065799738106,2119.6213830044144,2119.7399711608887,41,fcfs,0,151.21503699811,151.5448341369629,3,right-skewed,0,3,12,continuous,12,53.639421491951495,51.10104073497496,52.2387200722177,52.35682961444986,2826.332900000125,1046.350637499927,2634.1167638002844,2787.8896727601573,continuous
4,512.0,0.0,13.987049102783203,523803.0,True,99.90234375,0.0,0.0,0.0,32.0,0.013671875,0.0,16,batching,batching-continuous-right-skewed-b4-continuous-fcfs,1955.400794002344,1955.7094497680664,40,4.198423552999884,3995.630635999987,2142.007949500112,3699.8110212507527,3936.4667130501407,batching-continuous-right-skewed-b4-continuous-fcfs,9.06658935546875,39.333333333333336,27.583555005548988,2076.5089270062163,2076.7028770446777,41,fcfs,0,149.45541800261708,149.78179550170898,3,right-skewed,0,4,12,continuous,12,54.06791314273247,50.07812115181986,50.72127523213307,50.80399860195059,2773.7235269996745,1016.512948500349,2579.043380900657,2734.787497779871,continuous
8,512.0,0.0,27.995086669921875,1048392.0,False,99.9755859375,0.0,0.0,0.0,16.0,0.0068359375,0.0,1,metadata,metadata-rebuild-16x8-b8-continuous-fcfs,525.589773998945,525.6644439697266,7,1.3419806080000853,1341.3787979989138,1341.3061510000261,1341.3614113987933,1341.3753206788897,metadata-rebuild-16x8-b8-continuous-fcfs,9.06658935546875,27.76923076923077,9.081676995265298,0.0,0,0,fcfs,0,811.5109480004321,813.8323173522949,16,16x8,0,0,8,continuous,8,47.69070403735367,75.28057057139189,75.28182265019235,75.28192133022199,814.4294699995953,814.3421570002829,814.4101569994746,814.4256073995712,rebuild
8,512.0,0.0,27.995086669921875,1048392.0,False,99.9755859375,0.0,0.0,0.0,16.0,0.0068359375,0.0,1,metadata,metadata-rebuild-16x8-b8-continuous-fcfs,358.74379700180725,358.83248138427734,7,1.1797518719995423,1179.020188999857,1178.9476090007156,1179.0015661994403,1179.0164644397737,metadata-rebuild-16x8-b8-continuous-fcfs,9.06658935546875,34.333333333333336,9.248609001588193,0.0,0,0,fcfs,0,815.7338100008928,818.2060127258301,16,16x8,0,1,8,continuous,8,54.24869544095525,51.45366007153436,51.454885650088855,51.4549779301134,818.8566579992766,818.7719884999751,818.8367506993927,818.8526765392999,rebuild
8,512.0,0.0,27.995086669921875,1048392.0,False,99.9755859375,0.0,0.0,0.0,16.0,0.0068359375,0.0,1,metadata,metadata-rebuild-16x8-b8-continuous-fcfs,368.9550050003163,369.0181427001953,7,1.1918601200013654,1191.1423499986995,1191.0705225009224,1191.1230002488082,1191.1384800487212,metadata-rebuild-16x8-b8-continuous-fcfs,9.06658935546875,34.75,9.651960997871356,0.0,0,0,fcfs,0,817.6875680019293,820.0315208435059,16,16x8,0,2,8,continuous,8,53.697576524270886,52.930633142880524,52.93189542148217,52.93200354148472,820.6409229987912,820.5560905007587,820.6204941990109,820.6368372388351,rebuild
8,512.0,0.0,27.995086669921875,1048392.0,False,99.9755859375,0.0,0.0,0.0,16.0,0.0068359375,0.0,1,metadata,metadata-rebuild-16x8-b8-continuous-fcfs,383.1385110006522,383.2464294433594,7,1.211065959001644,1210.4691679996904,1210.388146499099,1210.4489247001766,1210.4651193397876,metadata-rebuild-16x8-b8-continuous-fcfs,9.06658935546875,35.0,9.243834001608775,0.0,0,0,fcfs,0,822.4535640001704,825.1390419006348,16,16x8,0,3,8,continuous,8,52.846006878732794,54.956262857168824,54.95771807864003,54.9578335586375,825.7891370012658,825.6943064989173,825.767282300967,825.784766061206,rebuild
8,512.0,0.0,27.995086669921875,1048392.0,False,99.9755859375,0.0,0.0,0.0,16.0,0.0068359375,0.0,1,metadata,metadata-rebuild-16x8-b8-continuous-fcfs,354.2716650026705,354.3222122192383,7,1.1762980099993001,1175.6717369989929,1175.5998925009408,1175.6519189492792,1175.6677733890501,metadata-rebuild-16x8-b8-continuous-fcfs,9.06658935546875,36.0,9.371211999678053,0.0,0,0,fcfs,0,817.2182160069497,819.579517364502,16,16x8,0,4,8,continuous,8,54.40798118840487,50.78253578566156,50.7860570856922,50.78620924568376,820.2066349986126,820.1189600004,820.1854316492245,820.202394328735,rebuild
8,512.0,0.0,27.995086669921875,1048392.0,True,99.9755859375,0.0,0.0,0.0,16.0,0.0068359375,0.0,1,metadata,metadata-cached-16x8-b8-continuous-fcfs,346.381115999975,346.44829177856445,7,1.1457932760004041,1145.1671880004142,1145.1033374996769,1145.1511541501532,1145.163981230362,metadata-cached-16x8-b8-continuous-fcfs,9.06658935546875,38.0,5.100550997667597,0.0,0,0,fcfs,0,794.5877479996852,797.0192985534668,16,16x8,0,0,8,continuous,8,55.85649814895355,49.66210285718782,49.66357354998243,49.66369870998668,797.5451120000798,797.4686174993622,797.5274044500111,797.5415704900661,cached
8,512.0,0.0,27.995086669921875,1048392.0,True,99.9755859375,0.0,0.0,0.0,16.0,0.0068359375,0.0,1,metadata,metadata-cached-16x8-b8-continuous-fcfs,344.1058490006981,344.15087890625,7,1.1388677430004464,1138.2500170002459,1138.1791044996135,1138.2311824499993,1138.2462500901966,metadata-cached-16x8-b8-continuous-fcfs,9.06658935546875,36.5,5.324679001205368,0.0,0,0,fcfs,0,789.9700719954126,792.215259552002,16,16x8,0,1,8,continuous,8,56.19616535225278,49.34452964282952,49.34606361432868,49.34620049437269,792.8529509990767,792.7673969998068,792.8326054993704,792.8488818991354,cached
8,512.0,0.0,27.995086669921875,1048392.0,True,99.9755859375,0.0,0.0,0.0,16.0,0.0068359375,0.0,1,metadata,metadata-cached-16x8-b8-continuous-fcfs,346.1394559999462,346.20953369140625,7,1.1370732930008671,1136.5272370003368,1136.4422804990681,1136.506445249779,1136.5230786502252,metadata-cached-16x8-b8-continuous-fcfs,9.06658935546875,36.0,5.185513004107634,0.0,0,0,fcfs,0,785.8433380006318,788.4068183898926,16,16x8,0,2,8,continuous,8,56.28485023256209,49.643194428556725,49.64444199997939,49.64454679996249,789.0360340006737,788.9399194991711,789.0139987003749,789.0316269406139,cached
8,512.0,0.0,27.995086669921875,1048392.0,True,99.9755859375,0.0,0.0,0.0,16.0,0.0068359375,0.0,1,metadata,metadata-cached-16x8-b8-continuous-fcfs,348.2748590013216,348.3444137573242,7,1.146575318000032,1145.9664899994095,1145.8978949995071,1145.9487719491335,1145.9629463893543,metadata-cached-16x8-b8-continuous-fcfs,9.06658935546875,35.5,5.170912998437416,0.0,0,0,fcfs,0,792.9519310036994,795.6188468933105,16,16x8,0,3,8,continuous,8,55.81840023526323,49.95223821424588,49.953659892759916,49.95379449273709,796.3231369994901,796.232227499786,796.3010411496725,796.3187178295266,cached
8,512.0,0.0,27.995086669921875,1048392.0,True,99.9755859375,0.0,0.0,0.0,16.0,0.0068359375,0.0,1,metadata,metadata-cached-16x8-b8-continuous-fcfs,342.63854100026947,342.6786231994629,7,1.137563037000291,1136.8171609992714,1136.7237555004976,1136.7920236494683,1136.8121335293108,metadata-cached-16x8-b8-continuous-fcfs,9.06658935546875,36.166666666666664,5.160227996384492,0.0,0,0,fcfs,0,789.719573000184,792.2162895202637,16,16x8,0,4,8,continuous,8,56.26061846099139,49.1313888572092,49.13269233572595,49.13279629569973,792.9096919997392,792.8040335000333,792.8831732000617,792.9043882398037,cached
8,512.0,0.0,27.96627426147461,1047313.0,True,99.8779296875,0.0,0.0,0.0,80.0,0.0341796875,0.0,1,prefill,prefill-token-128x32-b8-continuous-fcfs,1549.5090619951952,1549.6884117126465,31,8.24297204100003,8099.110540999391,8088.192049999634,8099.077787299757,8099.103990259464,prefill-token-128x32-b8-continuous-fcfs,9.39471435546875,38.1375,36.12263699687901,146.2120629967103,146.23344039916992,3,fcfs,0,6517.504990008092,6540.528533935547,128,128x32,0,0,8,continuous,8,31.056759470573468,49.90112851611494,50.145931108040855,50.1459706603037,6544.590667001103,6541.2739729999885,6544.557512901247,6544.5840361811315,token
8,512.0,0.0,27.96627426147461,1047313.0,True,99.8779296875,0.0,0.0,0.0,80.0,0.0341796875,0.0,1,prefill,prefill-token-128x32-b8-continuous-fcfs,1760.6948809934693,1760.9671249389648,31,8.242518068998834,8096.353307000754,8096.2435095007095,8096.324687850847,8096.347583170773,prefill-token-128x32-b8-continuous-fcfs,9.41033935546875,36.8875,36.74850301104016,151.4038340010302,151.44553756713867,3,fcfs,0,6299.257267994108,6322.635841369629,128,128x32,0,1,8,continuous,8,31.058469979319643,57.18530522582085,57.18578859354707,57.18582613160893,6324.661165999714,6323.567960500441,6324.610805549582,6324.651093909688,token
8,512.0,0.0,27.96624755859375,1047312.0,True,99.8779296875,0.0,0.0,0.0,80.0,0.0341796875,0.0,1,prefill,prefill-token-128x32-b8-continuous-fcfs,1531.2802500011458,1531.5602264404297,31,8.01406317600049,7866.259837999678,7866.176127500694,7866.238563599927,7866.255583119728,prefill-token-128x32-b8-continuous-fcfs,9.41033935546875,37.70886075949367,36.84497199174075,147.0916269972804,147.12175750732422,3,fcfs,0,6303.623741003321,6328.171909332275,128,128x32,0,2,8,continuous,8,31.94384600893048,49.5801348387167,49.580630251632336,49.580668837441465,6329.278776000137,6329.177230500136,6329.255318999913,6329.2740846000925,token
8,512.0,0.0,27.96627426147461,1047313.0,True,99.8779296875,0.0,0.0,0.0,80.0,0.0341796875,0.0,1,prefill,prefill-token-128x32-b8-continuous-fcfs,1527.3298640040593,1527.529369354248,31,8.210613889999877,8068.5652760002995,8068.455507999715,8068.53418235014,8068.559057270268,prefill-token-128x32-b8-continuous-fcfs,9.41033935546875,37.4,37.50223699717026,153.96140100165212,153.9791030883789,3,fcfs,0,6498.481262990026,6521.599884033203,128,128x32,0,3,8,continuous,8,31.179154619826342,49.86671512902362,49.86726683061622,49.8673209790016,6522.699650000504,6522.571135500584,6522.666776250389,6522.693075250481,token
8,512.0,0.0,27.966114044189453,1047307.0,True,99.8779296875,0.0,0.0,0.0,80.0,0.0341796875,0.0,1,prefill,prefill-token-128x32-b8-continuous-fcfs,1745.747040000424,1745.9538269042969,31,8.27222810999956,8124.094433000209,8124.025693499789,8124.07352995051,8124.09025239027,prefill-token-128x32-b8-continuous-fcfs,9.41033935546875,37.629629629629626,36.54077801911626,146.5214179988834,146.53244400024414,3,fcfs,0,6348.473930996988,6372.489009857178,128,128x32,0,4,8,continuous,8,30.94692223133262,56.47273398388337,56.48355848710004,56.487500832904665,6373.464407999563,6373.35663399972,6373.439460700138,6373.459418539678,token
8,512.0,0.0,27.96627426147461,1047313.0,True,99.8779296875,0.0,0.0,0.0,80.0,0.0341796875,0.0,16,prefill,prefill-chunk16-128x32-b8-continuous-fcfs,1542.4518720046763,1542.4448051452637,31,2.1524658069993166,2002.8953649998584,2002.8341990000627,2002.8802541001824,2002.8923428199232,prefill-chunk16-128x32-b8-continuous-fcfs,9.97088623046875,39.5,25.976851995437755,157.23871100090037,157.23085021972656,3,fcfs,0,442.00830799854884,445.6942443847656,8,128x32,0,0,8,continuous,8,118.93336431526473,50.21266720969804,50.21329003067817,50.213344612607365,446.3061309998011,446.2231144989346,446.2886054497176,446.3026258897844,chunk16
8,512.0,0.0,27.96627426147461,1047313.0,True,99.8779296875,0.0,0.0,0.0,80.0,0.0341796875,0.0,16,prefill,prefill-chunk16-128x32-b8-continuous-fcfs,1578.1251680036803,1578.4347877502441,31,2.1993360460000986,2051.4000580005813,2051.320272000339,2051.3790594004604,2051.395858280557,prefill-chunk16-128x32-b8-continuous-fcfs,9.97088623046875,40.09090909090909,26.237844011120615,162.76391799692647,162.79497528076172,3,fcfs,0,446.88553100422723,450.5596809387207,8,128x32,0,1,8,continuous,8,116.39876519351537,51.617087387087174,51.61755982905649,51.617599372299495,452.57404199946905,451.24035100070614,452.4796889996651,452.55517139950825,chunk16
8,512.0,0.0,27.96627426147461,1047313.0,True,99.8779296875,0.0,0.0,0.0,80.0,0.0341796875,0.0,16,prefill,prefill-chunk16-128x32-b8-continuous-fcfs,1591.9933349941857,1592.2731285095215,31,2.1992833419990347,2050.089330999981,2050.0168380003743,2050.071477849542,2050.0857603698933,prefill-chunk16-128x32-b8-continuous-fcfs,9.97088623046875,40.27272727272727,25.801548006711528,160.74264200142352,160.77203369140625,3,fcfs,0,435.18890100313,438.8767395019531,8,128x32,0,2,8,continuous,8,116.40155459337461,51.95211774192895,51.95275709357085,51.952797251000916,442.53682300040964,439.5481764995566,442.45166205000714,442.51979081032914,chunk16
8,512.0,0.0,27.96627426147461,1047313.0,True,99.8779296875,0.0,0.0,0.0,80.0,0.0341796875,0.0,16,prefill,prefill-chunk16-128x32-b8-continuous-fcfs,1561.5337720064417,1561.763412475586,31,2.200274527000147,2038.1152959998872,2038.031458999285,2038.094117849596,2038.111060369829,prefill-chunk16-128x32-b8-continuous-fcfs,9.97088623046875,40.31818181818182,27.488737994644907,169.72514599910937,169.74348831176758,3,fcfs,0,458.02091999939876,461.7703666687012,8,128x32,0,3,8,continuous,8,116.34911773897154,50.82510061290504,50.82552612097237,50.825566179036315,463.20211199963524,462.50692249941494,463.0918976998146,463.1800691396711,chunk16
8,512.0,0.0,27.96624755859375,1047312.0,True,99.8779296875,0.0,0.0,0.0,80.0,0.0341796875,0.0,16,prefill,prefill-chunk16-128x32-b8-continuous-fcfs,1556.660700998691,1556.8834228515625,31,2.1586925340016023,2010.9244549985306,2010.8435325000755,2010.903277549187,2010.9202195086618,prefill-chunk16-128x32-b8-continuous-fcfs,10.00799560546875,41.09090909090909,25.500493011350045,158.0395060009323,158.01411056518555,3,fcfs,0,430.7768610033236,436.7763557434082,8,128x32,0,4,8,continuous,8,118.59030221661479,50.75426479030401,50.754546332254606,50.75458970515096,438.54810099946917,437.4630510001225,438.1963968494347,438.4777601694623,chunk16
8,512.0,0.0,27.96627426147461,1047313.0,True,99.8779296875,0.0,0.0,0.0,80.0,0.0341796875,0.0,32,prefill,prefill-chunk32-128x32-b8-continuous-fcfs,1553.0710019975231,1553.271427154541,31,1.9795664220000617,1832.354131000102,1832.3027314991123,1832.3402017000262,1832.3513451400868,prefill-chunk32-128x32-b8-continuous-fcfs,10.34393310546875,41.7,25.65374498590245,173.70434400254453,173.6332778930664,3,fcfs,0,240.29552899992268,245.6453094482422,4,128x32,0,0,8,continuous,8,129.32124790303803,51.16485856448097,51.16571154193508,51.165901147112066,254.81568100076402,246.2236165010836,254.79957225034013,254.81245925067924,chunk32
8,512.0,0.0,27.96627426147461,1047313.0,True,99.8779296875,0.0,0.0,0.0,80.0,0.0341796875,0.0,32,prefill,prefill-chunk32-128x32-b8-continuous-fcfs,1535.8390280052845,1535.9294738769531,31,1.9614222910004173,1813.4081160005735,1813.3328610001627,1813.3883189506378,1813.4041565905864,prefill-chunk32-128x32-b8-continuous-fcfs,10.34393310546875,42.6,25.7979539965163,168.65716900065308,168.64998245239258,3,fcfs,0,245.17350700079987,249.67621994018555,4,128x32,0,1,8,continuous,8,130.5175337175494,50.420283564533506,50.42082771937966,50.42087506647682,250.38210899947444,250.28798799939977,250.36036349993083,250.37775989956572,chunk32
8,512.0,0.0,27.96624755859375,1047312.0,True,99.8779296875,0.0,0.0,0.0,80.0,0.0341796875,0.0,32,prefill,prefill-chunk32-128x32-b8-continuous-fcfs,1765.9188469988294,1766.182876586914,31,2.212739975000659,2056.500558999687,2056.420746499498,2056.476757249766,2056.495798649703,prefill-chunk32-128x32-b8-continuous-fcfs,10.42401123046875,38.476190476190474,25.780900003155693,176.2284880005609,176.2538604736328,3,fcfs,0,252.90674999996554,262.5148468017578,4,128x32,0,2,8,continuous,8,115.69366617508854,57.842609258078745,57.84344523546913,57.84348336966192,263.3822539992252,263.2745774999421,263.35635014957006,263.3770732292942,chunk32
8,512.0,0.0,27.96627426147461,1047313.0,True,99.8779296875,0.0,0.0,0.0,80.0,0.0341796875,0.0,32,prefill,prefill-chunk32-128x32-b8-continuous-fcfs,1596.0090510016016,1596.3240966796875,31,2.024190362000809,1874.2312650010717,1874.1424490008285,1874.2087484509284,1874.226761691043,prefill-chunk32-128x32-b8-continuous-fcfs,10.42401123046875,41.0,25.919493004039396,170.9205010010919,170.86582565307617,3,fcfs,0,244.62764800045989,249.2729606628418,4,128x32,0,3,8,continuous,8,126.4703186052902,52.39261959676726,52.39315925483688,52.393208444511636,250.09226799920725,250.0081840007624,250.08224085004258,250.09026256937432,chunk32
8,512.0,0.0,27.96627426147461,1047313.0,True,99.8779296875,0.0,0.0,0.0,80.0,0.0341796875,0.0,32,prefill,prefill-chunk32-128x32-b8-continuous-fcfs,1560.9442229997512,1561.146656036377,31,1.9904857279998396,1832.9305309998745,1832.8546080001615,1832.9102334504569,1832.926471489991,prefill-chunk32-128x32-b8-continuous-fcfs,10.42401123046875,42.1,25.701081998704467,166.58182000173838,166.51471710205078,3,fcfs,0,247.98807200204465,255.29577255249023,4,128x32,0,4,8,continuous,8,128.61182393768996,50.86855212906108,50.869095890313126,50.86914036515795,256.0085219993198,255.91337400055636,255.98604954966504,256.00402750938883,chunk32
8,512.0,0.0,27.976661682128906,1047702.0,True,99.90997314453125,0.0,0.0,0.0,59.0,0.02520751953125,0.0,16,batching,batching-static-right-skewed-b8-static-fcfs,3517.1801050109934,3517.5465354919434,71,6.220986307000203,5923.073620999276,3600.7127689999834,5745.779809098893,5900.143914289147,batching-static-right-skewed-b8-static-fcfs,11.45526123046875,40.516129032258064,53.614203996403376,2204.749251002795,2204.9522285461426,40,fcfs,0,476.44276099890703,477.25071716308594,9,right-skewed,0,0,24,static,24,61.72654641080011,51.912402774477115,65.76913653917862,67.35820079113546,5209.107042999676,2650.282382500336,4741.1380806000125,5104.011902839757,static
8,512.0,0.0,27.976661682128906,1047702.0,True,99.90997314453125,0.0,0.0,0.0,59.0,0.02520751953125,0.0,16,batching,batching-static-right-skewed-b8-static-fcfs,3703.7229030083836,3703.893695831299,71,6.318121644999337,5993.850208000367,3891.551255000195,5827.13532639982,5972.215871410208,batching-static-right-skewed-b8-static-fcfs,11.45916748046875,39.12903225806452,53.623726995283505,2112.6030039959005,2112.8214416503906,40,fcfs,0,477.70026800026244,478.6064338684082,9,right-skewed,0,1,24,static,24,60.77755725135936,51.31320770001366,63.31830697251488,66.50874576551632,5314.507896000578,2950.9341509992737,4904.116718900422,5221.893840850535,static
8,512.0,0.0,27.976661682128906,1047702.0,True,99.90997314453125,0.0,0.0,0.0,59.0,0.02520751953125,0.0,16,batching,batching-static-right-skewed-b8-static-fcfs,3469.7147119895817,3469.7856369018555,71,6.025500980000288,5716.040618999614,3562.5456779998785,5544.41560730147,5693.634784900078,batching-static-right-skewed-b8-static-fcfs,11.45916748046875,41.46666666666667,52.308820997495786,2044.893548994878,2044.994499206543,40,fcfs,0,488.09813300431415,489.0163230895996,9,right-skewed,0,2,24,static,24,63.729140742747276,50.249806095204505,52.06298279434426,52.57996501546283,5009.829971000727,2629.9469679997856,4588.035162601318,4914.789545800886,static
8,512.0,0.0,27.976661682128906,1047702.0,True,99.90997314453125,0.0,0.0,0.0,59.0,0.02520751953125,0.0,16,batching,batching-static-right-skewed-b8-static-fcfs,3667.500941999606,3667.732810974121,71,6.265557136999632,5951.080134000222,3816.490286500084,5782.653175349332,5929.208685120029,batching-static-right-skewed-b8-static-fcfs,11.45916748046875,40.0,52.98647201379936,2079.2155619947152,2079.0408477783203,40,fcfs,0,495.67461399783497,496.75810623168945,9,right-skewed,0,3,24,static,24,61.28744684688725,51.37417110709066,53.18621976422426,58.16073936296229,5259.986162000132,2861.0483575002945,4845.330168249711,5166.563250900017,static
8,512.0,0.0,27.976661682128906,1047702.0,True,99.90997314453125,0.0,0.0,0.0,59.0,0.02520751953125,0.0,16,batching,batching-static-right-skewed-b8-static-fcfs,3733.4900370024116,3734.1170959472656,71,6.36032934800096,6050.425170999006,3627.8528640013974,5848.64225445135,6028.384073659581,batching-static-right-skewed-b8-static-fcfs,11.45916748046875,39.09836065573771,53.24548899079673,2113.4700130005513,2113.609447479248,40,fcfs,0,489.26283000218973,490.17001724243164,9,right-skewed,0,4,24,static,24,60.374232054616876,52.21059303575463,60.856083571466755,64.33320335283626,5139.58930499939,2660.685062000084,4711.0561533516375,5043.315162789913,static
8,512.0,0.0,27.97602081298828,1047678.0,True,99.9114990234375,0.0,0.0,0.0,58.0,0.0247802734375,0.0,16,batching,batching-continuous-right-skewed-b8-continuous-fcfs,991.5060899911623,991.6074523925781,19,4.322381590000077,3998.307448999185,2475.4986100006136,3776.655962299719,3951.033118819323,batching-continuous-right-skewed-b8-continuous-fcfs,12.17791748046875,41.395348837209305,53.1418329992448,3163.515014004588,3163.271324157715,56,fcfs,0,149.4288880003296,149.74476623535156,3,right-skewed,0,0,24,continuous,24,88.83991198009733,55.055403111166214,64.46369254169137,64.54631889342939,3158.5231669996574,1228.605377000349,3000.1530026505857,3128.907720239895,continuous
8,512.0,0.0,27.97602081298828,1047678.0,True,99.9114990234375,0.0,0.0,0.0,58.0,0.0247802734375,0.0,16,batching,batching-continuous-right-skewed-b8-continuous-fcfs,927.833924004517,927.9056053161621,19,4.0519816409996565,3731.9043040006363,2421.3736809988404,3529.1374690499647,3688.8419957904443,batching-continuous-right-skewed-b8-continuous-fcfs,12.18182373046875,44.4,49.58755699772155,2953.8190290004422,2953.8870735168457,56,fcfs,0,153.09636699748808,153.41347122192383,3,right-skewed,0,1,24,continuous,24,94.76844517618893,52.640059764412285,54.11940830141507,54.31237549609163,2949.2844870001136,1158.3142525005314,2824.7129569494973,2926.0674946499603,continuous
8,512.0,0.0,27.97559356689453,1047662.0,True,99.90997314453125,0.0,0.0,0.0,59.0,0.02520751953125,0.0,16,batching,batching-continuous-right-skewed-b8-continuous-fcfs,945.6939920000877,945.7603607177734,19,4.064648429000954,3729.3330209995474,2458.343173000685,3570.0156081497876,3696.3698191295953,batching-continuous-right-skewed-b8-continuous-fcfs,12.18182373046875,44.1219512195122,49.40524499215826,2944.038905992784,2944.301429748535,55,fcfs,0,155.87833599784062,156.24054718017578,3,right-skewed,0,2,24,continuous,24,94.47311537701258,53.49066986561541,54.48521004724272,54.69068420774319,2989.2930449987034,1196.6149024992774,2863.3613107502238,2967.4919492090885,continuous
8,512.0,0.0,27.97559356689453,1047662.0,True,99.90997314453125,0.0,0.0,0.0,59.0,0.02520751953125,0.0,16,batching,batching-continuous-right-skewed-b8-continuous-fcfs,932.979602002888,933.0931854248047,19,4.161722040998939,3834.163649000402,2547.8397504994064,3671.0535158485072,3800.1942083999165,batching-continuous-right-skewed-b8-continuous-fcfs,12.18182373046875,42.853658536585364,49.58111200176063,3053.372821004814,3053.270404815674,55,fcfs,0,158.87818800001696,159.19532775878906,3,right-skewed,0,3,24,continuous,24,92.2694971497492,52.241170313172546,60.74075899248783,61.73972345358262,3093.6727749995043,1330.3475889997571,2962.7585605489,3070.669553389289,continuous
8,512.0,0.0,27.97602081298828,1047678.0,True,99.9114990234375,0.0,0.0,0.0,58.0,0.0247802734375,0.0,16,batching,batching-continuous-right-skewed-b8-continuous-fcfs,943.442267996943,943.4878044128418,19,4.053729766001197,3727.5001580001117,2377.0633389995055,3520.0747999000664,3683.303545680101,batching-continuous-right-skewed-b8-continuous-fcfs,12.18182373046875,44.85,49.69516698838561,2940.4084459984006,2940.5303077697754,56,fcfs,0,152.53155800019158,152.87324905395508,3,right-skewed,0,4,24,continuous,24,94.72757735866466,52.156552791101504,53.59045574581766,53.6728586254967,2929.248643000392,1164.3029844999546,2802.3792465502083,2905.489239120325,continuous
